codigo,descripcion,mes,sucursal,importe
602610,Tile Setter,10,0,679478.53
311306,Landscaper,10,0,230150.98
980334,Waterproofer,7,1,17435.15
948566,Carpenter,5,2,757719.07
669859,Waterproofer,5,0,937279.22
735996,Equipment Operator,1,1,720248.6
245921,Waterproofer,5,0,63615.3
544620,Laborer,7,1,863288.91
663182,Carpenter,9,0,96930.14
611537,HVAC,11,0,343806.2
726083,HVAC,12,0,638531.87
158803,Electrician,11,1,742229.7
924520,Millwright,5,1,777377.71
155156,Refridgeration,4,1,135037.71
727970,Refridgeration,6,0,572877.91
332316,Boilermaker,6,1,244592.26
907882,Safety Officer,7,1,783482.81
340897,Safety Officer,7,2,339816.22
445435,Painter,5,0,793714.98
477777,Tile Setter,3,2,810535.1
672209,Cement Mason,11,2,474526.38
911697,Stucco Mason,10,1,316708.35
827399,Stucco Mason,5,0,531325.34
988017,Electrician,7,0,705436.3
650010,HVAC,9,2,436864.32
449350,Millwright,11,1,755153.46
231615,Refridgeration,3,0,166672.7
706295,Laborer,9,1,262936.32
380340,HVAC,1,2,203456.25
620910,Welder,12,2,685542.4
654014,Terrazzo,5,0,719542.37
983843,Pipelayer,5,2,466580.86
687764,Linemen,6,2,491345.91
463091,Concrete Finisher,7,0,400382.72
268226,Pipefitter,2,1,764627.6
217465,Welder,1,2,489612.37
902657,Stucco Mason,9,2,526158.73
598929,Stucco Mason,5,2,158095.37
209238,Welder,3,1,75705.71
529621,Terrazzo,2,0,694740.82
122763,Waterproofer,11,0,758064.28
983641,Plasterers,3,1,752970.63
385352,Equipment Operator,10,0,781912.89
682969,HVAC,7,2,118312.41
904064,Plumber,4,2,758731.4
655107,Electrician,6,0,265947.54
155970,Terrazzo,7,1,945905.76
569550,Terrazzo,9,1,696264.95
996516,Sheet Metal Worker,9,1,483279.01
139617,Millwright,5,1,132292.64
110913,Safety Officer,1,1,412247.18
497496,Terrazzo,7,0,692564.58
625160,Carpenter,9,2,725654.65
875694,Plumber,11,2,392885.62
152210,Brickmason,9,1,131959.2
951068,Sheet Metal Worker,2,1,490117.34
615217,Glazier,7,2,839506.81
831157,Carpenter,7,1,884041.99
947877,Electrician,11,1,622487.56
537531,Terrazzo,10,1,780963.17
920777,Safety Officer,12,2,267364.12
554992,Brickmason,4,0,122714.9
751995,Plasterers,7,0,401641.53
795248,Tile Setter,9,2,832720.41
573082,Equipment Operator,1,0,123984.37
460454,Laborer,8,1,641646.99
664864,Glazier,3,1,531657.75
528558,Sheet Metal Worker,5,2,359071.58
233380,Safety Officer,2,2,66536.52
707083,Sheet Metal Worker,5,1,640765.7
288868,Linemen,11,2,289359.61
718344,Brickmason,8,0,396176.39
976429,Brickmason,2,0,96908.77
537114,Equipment Operator,5,2,265282.37
288310,Pipelayer,9,2,264768.28
366197,Millwright,1,1,458682.55
634573,Electrician,5,0,528634.46
979783,Pipefitter,10,0,929124.35
957588,Glazier,5,0,774140.24
477700,Terrazzo,6,2,733686.04
141047,Boilermaker,5,2,510846.83
704566,Laborer,5,0,254366.91
433516,Laborer,12,2,595982.6
342312,Painter,4,2,346655.77
340657,Stucco Mason,8,2,843201.84
968537,Boilermaker,10,0,603922.86
804643,Plasterers,5,0,880727.16
490131,Millwright,10,0,416304.61
541266,Tile Setter,11,0,947672.19
185768,Boilermaker,5,1,275150.16
793465,Laborer,3,1,547104.26
138694,Welder,4,2,656575.5
389746,Plumber,8,2,49356.9
456701,Sheet Metal Worker,8,2,621601.45
990055,Equipment Operator,2,1,613905.83
175856,Electrician,2,2,303670.74
833443,Terrazzo,7,1,300520.04
378200,Welder,11,1,200525.84
742706,Brickmason,4,0,120098.23
714145,Ironworker,12,1,892159.86
141034,Stucco Mason,12,2,754168.77
430108,Plasterers,9,0,104458.31
888710,Pipefitter,3,2,704040.98
165872,Refridgeration,3,2,585374.33
529732,Sheet Metal Worker,12,0,245254.12
509896,Tile Setter,8,0,296761.88
198123,HVAC,11,0,773977.62
471346,Laborer,9,1,352043.98
690811,Brickmason,3,2,217262.04
238927,Waterproofer,10,1,940316.87
986721,Tile Setter,6,0,571679.03
678737,Boilermaker,4,0,227486.23
535594,Plumber,6,1,845781.49
449047,Laborer,5,1,205398.4
481409,Terrazzo,7,2,263928.39
818889,Brickmason,2,2,562583.7
905022,Boilermaker,6,2,632452.23
211267,Equipment Operator,10,0,281995.71
749122,Pipefitter,5,0,367226.09
877433,Pipelayer,4,1,188682.38
220123,HVAC,4,1,252716.73
379044,Carpenter,12,2,64081.02
996866,Refridgeration,6,1,106009.72
144475,Ironworker,12,2,177778.13
580668,HVAC,2,0,92902.16
510243,HVAC,5,1,674608.3
387028,Plasterers,10,2,949205.08
225487,Tile Setter,9,1,516394.17
424843,Sheet Metal Worker,12,2,264085.29
160033,Sheet Metal Worker,5,0,675577.46
556958,Ironworker,10,0,163090.57
329461,HVAC,1,2,71971.2
851033,Plumber,8,0,415346.25
958976,Plasterers,12,2,523039.43
924841,Equipment Operator,9,0,711069.69
757836,Millwright,7,1,548143.54
723697,Stucco Mason,4,2,225923.0
664798,Plasterers,8,0,240791.53
538856,Stucco Mason,6,0,937327.15
825835,Ironworker,3,2,264464.8
438257,Painter,11,1,783990.93
521653,Equipment Operator,12,1,62957.43
279416,Millwright,2,0,753354.06
779436,Brickmason,6,1,432547.39
595787,Safety Officer,7,1,293456.98
313169,Pipefitter,2,0,194737.64
212762,Refridgeration,1,1,438128.55
479344,Pipefitter,8,0,202782.23
129095,Terrazzo,3,1,557877.89
524675,Cement Mason,11,1,654817.11
586076,Brickmason,11,0,896265.2
895676,Pipelayer,9,0,193139.8
628970,Refridgeration,8,1,776727.27
451090,Safety Officer,11,2,83347.21
185149,Sheet Metal Worker,11,1,706834.23
988357,Terrazzo,7,1,342179.19
927186,Waterproofer,9,0,138653.64
154257,Sheet Metal Worker,6,1,155506.55
116189,Pipelayer,1,1,609136.26
268670,Glazier,7,0,288017.92
689315,Refridgeration,6,0,77834.87
909888,Boilermaker,4,1,217389.0
322526,Brickmason,6,0,668257.07
339658,Refridgeration,2,2,679942.96
567747,Glazier,12,0,633258.9
418922,Safety Officer,2,1,884036.54
597566,Millwright,4,0,410435.67
437061,Plumber,6,1,689178.79
429524,Tile Setter,4,1,90399.36
377765,Landscaper,7,0,242566.95
617784,Brickmason,1,0,877711.95
261726,Linemen,6,2,213050.67
278784,Pipelayer,8,2,434100.47
334917,Stucco Mason,12,2,858512.16
950011,Stucco Mason,1,0,379798.33
452350,Concrete Finisher,11,2,318954.6
271463,Boilermaker,12,2,297481.12
970425,Waterproofer,11,2,103796.81
709829,Plasterers,8,2,467379.9
192696,Linemen,12,1,780121.03
879460,Refridgeration,2,0,323732.66
348852,Pipefitter,8,2,598991.78
733279,Sheet Metal Worker,11,0,686170.88
781004,Electrician,6,1,675906.75
954374,Plumber,3,0,187687.27
331639,Brickmason,5,0,694493.14
200296,Painter,3,2,345594.54
681529,Safety Officer,8,1,616887.82
947967,Welder,9,2,188441.6
662855,Tile Setter,3,0,340676.36
783944,Linemen,7,2,649635.31
956988,HVAC,11,1,632731.91
833874,Sheet Metal Worker,2,2,39623.74
748682,Landscaper,7,0,246949.26
621650,HVAC,10,2,694402.11
478889,Pipelayer,3,2,566318.52
615253,Plumber,11,1,876574.55
278509,Safety Officer,1,1,383035.61
265872,Millwright,4,0,348857.55
611395,Landscaper,1,2,929279.18
203192,Plumber,10,1,480846.18
482819,HVAC,4,1,274490.43
472698,Stucco Mason,10,0,324063.9
254836,Glazier,6,1,730936.94
367212,HVAC,8,2,250424.47
250365,Plumber,1,1,574092.22
608992,Landscaper,5,1,888966.33
440158,Pipelayer,2,2,203353.77
237144,Tile Setter,6,1,220841.69
511489,Electrician,2,1,907035.41
707215,Pipefitter,4,1,84898.2
299584,Ironworker,10,0,337233.73
314181,Cement Mason,4,0,685646.38
693748,HVAC,5,0,571213.58
289809,Pipefitter,2,1,99161.43
695579,Pipefitter,12,0,187765.79
385186,Concrete Finisher,10,0,670226.39
256281,Carpenter,3,0,780420.9
138715,Landscaper,5,1,857348.07
263963,Safety Officer,2,0,432080.41
298920,Pipefitter,11,0,702962.06
763710,Millwright,3,2,415554.33
147009,Equipment Operator,4,1,647752.98
960828,Boilermaker,5,1,30139.76
560582,Waterproofer,8,1,739758.56
828313,Landscaper,11,1,882160.85
537145,Glazier,10,0,673250.02
826891,Plumber,12,1,297146.67
799493,Carpenter,3,2,331240.79
950912,Carpenter,4,2,699961.97
641540,Safety Officer,7,0,323253.05
699501,Pipelayer,1,2,435084.69
517431,Cement Mason,1,2,181122.14
477641,Safety Officer,6,0,748198.74
705426,Safety Officer,3,2,792933.31
826815,Plumber,8,1,135819.78
432844,Plasterers,10,1,424426.9
484053,Millwright,1,0,852429.32
863657,Stucco Mason,7,2,295514.81
216530,Plasterers,5,0,824476.09
156944,Pipefitter,9,1,385384.67
582583,Landscaper,11,2,680855.35
808450,Safety Officer,8,0,477092.95
357291,Electrician,7,0,113779.41
581562,Welder,9,2,805244.44
346325,Safety Officer,1,2,251149.33
635180,Ironworker,2,1,255321.73
268025,Concrete Finisher,7,1,323753.08
309580,Safety Officer,4,1,397639.32
207031,Terrazzo,4,0,115010.09
574760,Cement Mason,11,0,561210.39
870026,Millwright,5,0,246963.17
489180,Landscaper,12,0,114271.1
323514,Boilermaker,12,0,389210.52
587503,Pipefitter,3,1,449954.94
344966,Cement Mason,5,1,527146.81
736304,Equipment Operator,12,0,464915.97
676395,Sheet Metal Worker,6,0,397042.89
565575,Linemen,10,0,633909.18
296911,Refridgeration,12,0,153696.05
889891,Plumber,6,1,249688.22
606635,Cement Mason,10,2,204220.45
713205,Carpenter,6,0,911573.45
101729,Refridgeration,2,2,524180.2
781476,Plasterers,5,2,714231.35
207121,Pipefitter,8,1,269145.08
648898,Carpenter,12,2,120945.85
389372,Landscaper,3,2,712718.93
189120,Terrazzo,9,0,765305.49
671986,Stucco Mason,8,1,298954.22
253138,Ironworker,12,1,858564.88
535843,Refridgeration,5,1,659096.9
541408,Terrazzo,8,0,785272.99
233223,Painter,2,0,718433.03
941910,Boilermaker,6,0,713768.09
714412,Stucco Mason,10,2,130553.2
536924,Equipment Operator,7,2,415152.43
878811,Refridgeration,9,1,852800.33
904013,Boilermaker,9,0,487947.77
553754,Glazier,8,0,908793.95
232621,HVAC,11,2,606660.44
355420,Ironworker,10,1,215242.88
218612,Terrazzo,7,1,241971.9
517222,Plumber,6,1,81843.32
775706,Terrazzo,11,1,447090.65
680067,Welder,11,1,526197.26
162604,Plumber,2,1,176099.09
249921,Tile Setter,2,0,559187.63
558393,Waterproofer,10,1,676284.02
717239,Stucco Mason,7,0,904332.43
390512,Concrete Finisher,6,0,368704.34
338441,Landscaper,12,2,834580.76
212937,Ironworker,11,1,413509.68
258131,Pipefitter,2,1,881958.1
159860,Electrician,1,1,380785.0
504139,Refridgeration,5,2,688123.53
533187,Plumber,6,1,378139.92
258225,Plumber,6,1,436888.78
149951,Pipefitter,12,2,121380.95
416986,Laborer,6,1,687971.91
291171,Millwright,5,2,609463.22
950042,Tile Setter,7,0,583165.06
169224,Boilermaker,7,1,162533.93
188982,Cement Mason,11,1,152577.58
132814,Painter,9,2,657113.52
896216,Pipefitter,1,1,572407.3
963298,Glazier,10,1,946280.44
171568,Brickmason,7,1,416723.16
540552,Plumber,3,0,409929.12
802562,Refridgeration,5,1,169671.93
185159,Waterproofer,2,1,726917.82
450052,Ironworker,3,0,311562.53
208625,Waterproofer,6,2,723225.45
891230,Laborer,12,1,810609.08
907988,Cement Mason,1,0,248529.57
388160,Pipefitter,2,1,732091.57
826339,Pipefitter,11,0,116734.17
260592,Landscaper,9,1,729665.94
723321,Ironworker,5,1,670225.87
833658,Laborer,9,0,181632.5
631693,Terrazzo,10,1,237480.18
412352,Carpenter,3,0,518081.47
577165,Concrete Finisher,10,0,393041.04
621167,Waterproofer,10,2,199768.73
927448,Carpenter,3,0,741031.67
236683,Linemen,8,2,343003.16
925588,Ironworker,3,2,861393.1
364739,HVAC,10,0,933547.74
362837,Plasterers,3,0,393231.16
635577,Concrete Finisher,9,2,299039.32
427932,Landscaper,11,1,553660.56
808868,Painter,3,2,520542.85
381900,Laborer,10,1,949727.3
620857,Pipefitter,7,0,839314.1
289870,Stucco Mason,10,2,500477.46
490234,Millwright,11,0,215561.49
852794,Sheet Metal Worker,3,1,906496.96
447195,Terrazzo,2,2,748491.57
822681,Tile Setter,8,0,425132.95
474490,Welder,8,1,646825.79
823798,Safety Officer,1,2,296264.64
304698,Glazier,2,2,397508.34
982903,Safety Officer,8,0,207646.42
339334,Plasterers,11,2,215454.3
725350,Equipment Operator,12,2,367939.46
328147,Terrazzo,9,2,115564.43
379122,Safety Officer,11,1,917096.02
816334,Sheet Metal Worker,12,2,28407.74
197278,Equipment Operator,11,0,296633.04
253444,Boilermaker,5,2,235111.67
177093,Glazier,12,1,490557.85
785612,Safety Officer,7,0,899373.85
188116,Equipment Operator,9,1,720368.36
512818,Carpenter,11,0,505106.69
882372,Cement Mason,3,1,871051.13
348615,Equipment Operator,11,1,51666.88
920272,Tile Setter,11,0,897388.61
826688,Waterproofer,4,2,376563.06
830475,Waterproofer,3,2,31776.99
508509,Painter,12,1,98961.26
482733,Equipment Operator,6,0,519360.4
541814,Sheet Metal Worker,11,0,245364.32
114157,Laborer,2,2,125464.3
508287,Pipelayer,11,2,589178.4
136147,Linemen,2,0,833841.1
255052,Pipefitter,9,0,328024.57
226475,Boilermaker,3,2,934810.9
442696,Safety Officer,1,1,585178.06
858474,Plasterers,7,0,399405.85
877041,Waterproofer,2,2,18256.04
396049,Boilermaker,3,1,584511.0
824353,Landscaper,4,2,228386.8
751179,Welder,6,1,394939.17
174069,Refridgeration,3,1,94554.57
886577,Carpenter,1,1,837157.63
131441,Pipelayer,10,0,416222.14
528924,Laborer,2,2,480442.75
272860,Carpenter,2,1,512510.53
570225,Electrician,12,2,412786.42
789667,Painter,11,0,729924.28
393240,Ironworker,10,2,92922.69
975313,Equipment Operator,12,1,491478.62
250669,Painter,2,0,314968.96
652242,Pipelayer,6,1,454683.03
531792,Safety Officer,5,1,59639.68
474305,Refridgeration,7,1,654831.28
380369,Refridgeration,7,0,801718.86
838833,Landscaper,3,0,680145.22
896702,Landscaper,5,0,742871.47
416060,Equipment Operator,3,2,215898.34
904249,Cement Mason,5,0,824689.31
501656,Waterproofer,5,0,204956.51
153147,Tile Setter,12,1,230488.85
338979,Painter,6,1,391031.91
630001,Safety Officer,7,2,528383.35
877911,Carpenter,9,0,805080.28
590041,Landscaper,10,1,674210.49
819252,Pipelayer,1,1,896878.46
329143,Refridgeration,11,1,167120.86
133773,Refridgeration,3,0,604196.46
425978,Welder,6,0,729553.02
209712,Laborer,6,0,226235.76
264551,Equipment Operator,1,0,642909.37
762170,Pipelayer,1,2,636358.84
110693,Brickmason,4,1,670512.37
412136,Laborer,2,2,763616.27
192375,Waterproofer,3,1,683721.59
602265,Carpenter,7,0,602300.74
192827,Millwright,2,1,87824.86
962525,Plumber,7,0,366863.06
806595,Glazier,8,2,813773.34
801405,Laborer,7,1,41122.58
875959,Pipefitter,8,1,866250.79
221478,Linemen,1,1,469789.88
537765,Concrete Finisher,5,2,468551.13
630748,Ironworker,2,2,829761.61
890038,Carpenter,2,2,184368.11
491592,Landscaper,4,1,180738.34
934957,Landscaper,12,1,850702.52
214041,Welder,7,0,665184.01
626912,Concrete Finisher,3,1,396029.77
446309,Millwright,5,0,69469.07
313422,Carpenter,2,1,76686.28
775076,Glazier,4,2,227943.46
485587,Waterproofer,7,0,196085.85
230897,Pipefitter,6,0,64205.59
611997,Plasterers,6,2,645388.81
663540,Pipelayer,7,0,242842.09
537858,Electrician,1,0,185176.63
820093,Tile Setter,6,0,871061.14
421311,Terrazzo,4,0,27308.45
747964,Stucco Mason,8,0,341493.42
623960,Refridgeration,5,0,820446.27
675502,Pipefitter,7,1,36432.39
398581,Carpenter,12,2,628271.27
441193,Equipment Operator,4,2,307129.78
886166,Laborer,2,2,768233.63
276597,Terrazzo,4,2,594537.88
199764,Tile Setter,8,0,805506.67
545810,Equipment Operator,9,0,416564.72
854661,Plasterers,3,1,802441.18
516479,Sheet Metal Worker,7,1,436537.95
982328,HVAC,5,1,803559.39
858464,Boilermaker,7,1,484282.36
578089,Sheet Metal Worker,3,1,799837.29
913138,HVAC,6,0,886724.45
870672,Tile Setter,4,1,412743.55
224788,Electrician,2,0,352470.06
125525,Safety Officer,6,2,872185.16
646005,Cement Mason,12,1,413788.51
991413,Electrician,5,1,162514.91
453858,Brickmason,5,1,182311.07
580038,Pipelayer,3,0,687511.48
603337,Terrazzo,5,1,484188.61
726548,Electrician,8,1,851738.75
802021,Plumber,9,2,334454.39
333502,Ironworker,6,2,570686.21
349916,Terrazzo,1,0,910624.03
902682,Tile Setter,6,0,497093.27
528301,Glazier,10,2,540396.64
351765,Carpenter,7,0,25075.11
114285,HVAC,2,1,270395.21
674808,Ironworker,1,1,432829.32
956833,Refridgeration,7,2,394880.98
759934,Concrete Finisher,12,1,779662.34
416061,Pipelayer,1,2,437867.35
658958,Millwright,7,1,284772.58
708082,Millwright,4,1,803686.22
122355,Pipefitter,1,0,762071.4
415707,Terrazzo,1,0,160585.56
269372,Equipment Operator,4,1,865666.96
549217,Welder,5,2,222455.63
263751,Stucco Mason,10,2,124473.24
100921,Concrete Finisher,3,1,384338.23
449034,Plumber,1,2,62521.28
203861,Plumber,1,2,574814.83
158290,Laborer,12,1,710181.48
602351,Pipefitter,12,2,270136.35
774268,Plasterers,3,2,188453.26
680128,Electrician,12,2,445384.31
439183,Stucco Mason,6,1,328455.2
687950,Refridgeration,1,2,376400.95
421077,Stucco Mason,4,2,871273.7
690823,Concrete Finisher,11,1,749053.42
165370,Safety Officer,9,2,547204.38
589084,Waterproofer,11,0,342947.18
705406,Concrete Finisher,5,0,501239.38
593897,Laborer,4,0,329605.48
386088,Welder,1,1,310812.75
437496,Safety Officer,8,2,344126.84
371700,Ironworker,7,2,316840.47
739886,Boilermaker,1,2,794354.61
489830,Plumber,2,0,736294.51
584232,Cement Mason,4,2,15885.19
489601,Glazier,6,2,733633.09
514750,Terrazzo,3,2,870707.56
614332,Landscaper,9,1,405951.69
929162,Waterproofer,5,0,776182.26
167130,Refridgeration,6,0,405025.09
491970,Sheet Metal Worker,11,1,259999.11
926263,Laborer,12,2,331978.09
322668,Plasterers,1,0,81512.72
318310,Ironworker,9,2,207257.23
722738,Refridgeration,7,1,66973.58
132449,HVAC,9,0,875980.93
364935,Ironworker,3,0,74193.84
562371,Safety Officer,12,0,620465.32
567213,Pipefitter,6,2,327583.5
488821,Carpenter,8,0,761385.2
155240,Sheet Metal Worker,8,2,508539.27
793043,Concrete Finisher,10,1,766267.91
684469,Electrician,3,1,770759.3
139743,Landscaper,12,1,880049.84
634986,Equipment Operator,1,2,665815.56
354349,Ironworker,12,0,948826.9
445532,Boilermaker,2,1,312848.7
133480,HVAC,3,1,504420.96
877483,Equipment Operator,11,2,733540.04
555203,Stucco Mason,7,0,295085.95
666379,Electrician,4,1,338380.58
514306,Brickmason,6,1,192496.19
746473,Terrazzo,10,2,370583.13
798410,Millwright,9,1,430756.27
789832,Concrete Finisher,10,2,573505.46
116762,Refridgeration,3,2,685354.32
536069,Plasterers,7,0,400287.15
491506,Safety Officer,5,0,822074.56
211470,Cement Mason,7,1,91631.01
371274,Cement Mason,12,2,457791.18
708472,Glazier,1,0,165871.55
963098,Refridgeration,6,1,508830.67
367955,HVAC,6,0,190007.76
931715,Waterproofer,8,2,460661.7
333341,Terrazzo,2,0,660948.47
397870,Concrete Finisher,5,1,671840.29
236793,Brickmason,9,2,778030.63
235155,Painter,4,0,647828.16
344123,Laborer,7,2,473324.72
233812,Cement Mason,3,2,406462.68
318792,HVAC,1,0,185956.44
758542,Welder,2,1,541535.69
945141,Cement Mason,11,2,509732.34
543637,Concrete Finisher,2,0,947763.8
766752,Linemen,7,2,272115.4
219572,Millwright,6,2,560895.25
761100,Landscaper,1,0,436169.9
699786,Pipelayer,6,1,193004.5
149863,Laborer,9,0,433001.36
450351,Electrician,4,0,580250.44
249702,Welder,2,1,874605.27
958203,Terrazzo,7,0,136963.55
639681,Terrazzo,1,2,560108.56
482185,Painter,3,1,372742.99
683092,Electrician,1,0,817016.68
717077,HVAC,3,0,616270.1
551967,Plumber,8,1,796308.92
475932,Carpenter,9,1,865144.02
881052,Pipelayer,9,2,569270.98
848422,Concrete Finisher,8,2,136948.42
525200,Cement Mason,10,0,889817.12
614698,Waterproofer,9,0,651139.14
165131,Waterproofer,5,1,889428.32
227141,Plumber,7,2,256189.87
244497,Waterproofer,11,1,943338.57
438859,Equipment Operator,11,1,947965.75
823874,Stucco Mason,6,0,607931.95
508328,Pipefitter,2,0,324809.38
814800,Cement Mason,5,2,825775.73
702184,Ironworker,4,2,586074.84
619017,Pipefitter,10,0,858214.74
920075,Equipment Operator,6,0,195247.9
666279,Stucco Mason,8,0,425630.56
913922,Ironworker,11,2,506573.27
758429,Pipelayer,3,1,771762.28
149770,Equipment Operator,3,2,50417.95
429184,Brickmason,4,1,899587.5
338613,Millwright,5,2,75056.75
180658,Sheet Metal Worker,9,0,589105.35
688972,Sheet Metal Worker,5,0,193273.78
284018,Carpenter,11,0,821430.39
872581,Boilermaker,8,0,502735.19
688692,Glazier,9,0,906831.3
336285,Brickmason,5,1,591855.33
721695,Tile Setter,10,1,297047.25
989440,Sheet Metal Worker,6,0,352465.79
267559,Waterproofer,6,1,321620.9
941666,Pipelayer,1,2,855544.18
647753,Cement Mason,6,0,210705.61
152577,Pipefitter,10,2,733086.74
403184,Concrete Finisher,1,2,788136.42
620483,Refridgeration,2,0,893138.16
264863,Carpenter,5,0,452194.02
804264,Plasterers,2,0,300094.8
728321,Tile Setter,7,1,253017.56
274166,Sheet Metal Worker,7,0,379756.79
956815,Safety Officer,10,2,177136.91
171747,Waterproofer,11,2,839479.12
944357,Glazier,2,0,314157.28
651864,Brickmason,4,1,759920.49
422186,Plumber,5,0,389554.14
634302,Plasterers,4,2,274987.98
400890,Sheet Metal Worker,3,2,583380.24
286743,Equipment Operator,11,2,771729.23
202508,Electrician,9,0,22365.78
736717,Pipefitter,2,1,400046.38
478273,Terrazzo,2,0,195738.02
443375,Pipelayer,8,1,157838.71
983950,Waterproofer,12,2,506197.0
484508,Plasterers,7,2,182027.25
285159,Carpenter,5,0,734681.92
665600,Laborer,5,0,339019.3
625905,Stucco Mason,12,0,460713.51
561625,Plumber,7,0,731065.25
585087,Terrazzo,5,0,353781.05
336235,Stucco Mason,5,2,928134.67
179962,Pipelayer,6,0,241556.23
704841,Pipelayer,3,1,174016.67
506023,Tile Setter,5,2,756919.97
832694,Pipelayer,4,2,909570.76
483690,Brickmason,8,2,582423.7
300122,Boilermaker,7,1,252879.13
188174,Sheet Metal Worker,7,1,859089.19
991995,Terrazzo,4,2,740067.39
947971,Pipelayer,2,2,875586.43
589974,Cement Mason,3,0,268472.12
271054,Electrician,6,1,717397.22
637188,Equipment Operator,11,0,358411.2
817975,Landscaper,10,1,124884.53
574661,Ironworker,11,2,164909.11
621726,Pipelayer,6,0,86203.3
857099,Brickmason,8,1,887649.13
840437,Welder,6,1,765571.3
749839,HVAC,4,1,212297.5
453195,Pipelayer,6,1,143946.42
850861,Pipelayer,2,1,265674.22
768634,Sheet Metal Worker,12,1,159586.7
838924,Brickmason,9,2,907130.52
729476,Plasterers,3,0,461933.51
803717,Pipefitter,12,2,145727.11
301773,Pipefitter,2,1,474089.31
172682,Concrete Finisher,1,1,300853.66
286301,Plumber,3,1,492595.91
621725,Glazier,3,2,870245.2
414335,Pipefitter,4,2,842285.98
359620,Linemen,7,0,390530.77
778975,Waterproofer,9,1,414151.52
409820,Concrete Finisher,7,2,772131.33
218440,Equipment Operator,10,2,170553.08
437087,Sheet Metal Worker,5,0,768344.94
782977,Linemen,6,0,664169.83
864198,Linemen,9,2,584784.25
740548,Waterproofer,10,0,290165.76
645493,Concrete Finisher,1,1,474877.76
146015,Tile Setter,5,0,452810.66
720419,Pipelayer,9,1,835475.88
339040,Terrazzo,1,0,65790.43
336495,Pipelayer,9,2,558764.98
944024,Pipefitter,12,2,436836.42
965336,Plasterers,7,0,567325.22
338268,Equipment Operator,4,2,752344.59
870678,Carpenter,7,2,157698.98
323196,Plasterers,2,1,144960.64
789467,Glazier,1,2,88471.61
887516,Ironworker,9,0,890775.26
263657,Pipefitter,4,1,336454.01
835677,Millwright,8,0,135643.09
174654,Electrician,5,2,240956.95
744899,Sheet Metal Worker,5,1,691848.41
424174,Millwright,4,0,810398.74
662992,Concrete Finisher,1,2,52333.09
218110,Pipelayer,7,0,53188.25
783130,Terrazzo,11,1,138557.4
283061,Cement Mason,9,2,274292.41
183345,Cement Mason,11,0,69352.14
474384,Sheet Metal Worker,2,1,515681.42
598088,Painter,11,0,312896.85
708812,Plumber,6,0,478628.66
846080,Plumber,1,1,783251.72
468556,Brickmason,4,2,251296.5
982091,Waterproofer,2,2,518072.71
996462,Landscaper,3,2,355624.78
292964,Sheet Metal Worker,6,0,734164.51
581273,Electrician,8,2,548136.08
463832,Boilermaker,2,2,408688.48
815844,Safety Officer,9,2,409271.24
509746,Safety Officer,4,1,629306.9
193791,HVAC,11,1,852121.47
516684,Carpenter,11,1,714094.34
499637,Plumber,12,1,267528.35
636449,Laborer,11,2,72930.17
194582,Refridgeration,9,2,300577.6
782936,Sheet Metal Worker,12,0,423535.3
581306,Ironworker,4,1,743846.71
552321,Plumber,7,1,549348.38
507312,Concrete Finisher,6,0,886570.0
777760,Glazier,8,2,87547.51
857918,Landscaper,1,2,110462.11
607958,Laborer,8,2,728262.76
729063,Landscaper,8,0,916030.25
705330,Linemen,4,2,677492.19
446840,Sheet Metal Worker,2,1,645193.67
492794,Landscaper,6,0,267799.34
304936,Painter,9,0,28114.82
313636,Millwright,5,0,517193.93
255178,Stucco Mason,6,1,616264.19
374018,Sheet Metal Worker,4,2,211633.17
128201,Stucco Mason,6,1,28678.76
543227,Cement Mason,11,0,865454.52
965662,Laborer,11,1,281557.11
113212,Plasterers,4,0,360218.44
322194,Millwright,2,0,745839.23
474113,Stucco Mason,9,0,99464.02
881192,Laborer,4,2,355139.9
625076,Cement Mason,8,1,906763.27
541257,Cement Mason,7,1,657832.39
277305,Stucco Mason,11,1,173695.6
330472,Carpenter,5,1,727511.55
485297,Boilermaker,10,1,748246.03
528761,Ironworker,5,0,670438.62
517662,Boilermaker,7,2,241267.02
662832,Stucco Mason,10,0,600574.23
250553,Laborer,4,0,39460.13
881300,Boilermaker,7,2,666152.45
677978,Safety Officer,11,1,434399.95
180833,Welder,3,2,937203.54
196649,Painter,3,0,829681.64
190234,Refridgeration,12,1,145445.31
701739,Tile Setter,12,1,812067.43
231222,Stucco Mason,3,1,805444.45
903686,Laborer,7,1,849549.36
649594,Sheet Metal Worker,5,1,708324.8
439096,Tile Setter,7,0,108322.18
557827,Landscaper,10,2,402919.34
160456,Sheet Metal Worker,10,2,702332.88
310721,Laborer,3,2,711665.92
528838,Concrete Finisher,7,0,86969.33
626409,Cement Mason,5,2,694397.44
443216,Pipelayer,6,1,38007.11
812981,Millwright,2,0,172561.28
434599,Waterproofer,10,2,900778.95
330082,Sheet Metal Worker,6,1,251261.69
770916,Sheet Metal Worker,10,2,130463.33
327717,Refridgeration,5,2,887170.14
743432,Carpenter,1,2,632470.98
656358,Concrete Finisher,1,1,948037.19
636932,Linemen,9,0,197278.82
451961,Landscaper,3,1,515460.13
698166,Pipefitter,2,1,847387.26
358255,Tile Setter,2,1,95400.86
316083,Landscaper,7,1,105096.69
606140,Millwright,11,0,20089.58
513936,Carpenter,3,0,678083.4
919478,Painter,6,2,855464.3
869711,Plumber,7,0,639712.42
216955,Safety Officer,3,1,741600.16
677162,Refridgeration,8,0,238064.35
506783,Pipefitter,5,0,608938.93
697389,Cement Mason,1,0,476416.72
765827,Stucco Mason,4,1,721720.46
239273,Equipment Operator,5,0,864284.09
268876,Ironworker,6,0,742280.34
583916,Pipefitter,4,2,756240.26
284557,Tile Setter,2,1,472371.31
452699,Painter,12,0,756240.61
969965,Plasterers,4,1,797164.74
252636,Cement Mason,5,2,425884.6
758741,Terrazzo,10,1,762177.29
649014,Brickmason,11,1,224005.61
142961,Brickmason,12,0,354098.94
248277,Linemen,5,0,546228.47
627411,Electrician,9,0,369396.92
403485,Refridgeration,9,1,293519.94
794702,Electrician,1,0,344345.3
825129,Refridgeration,8,0,546741.06
739499,Terrazzo,1,2,860191.94
439691,Painter,2,1,25919.54
253199,Brickmason,10,1,68033.5
680300,Sheet Metal Worker,12,1,555557.69
262294,Plasterers,8,1,741102.94
569439,Refridgeration,11,0,642171.73
766904,Pipelayer,3,2,361619.98
253088,Concrete Finisher,6,2,784926.51
412433,Equipment Operator,10,0,53212.52
669368,Pipefitter,6,2,275229.45
522082,Pipelayer,11,1,253972.97
983520,Carpenter,6,1,413675.28
219393,Equipment Operator,5,1,648293.44
945522,Brickmason,2,2,544203.15
234838,Plasterers,7,2,193109.76
463374,Carpenter,6,0,233026.78
359301,Plasterers,10,1,669838.94
685881,Concrete Finisher,6,2,842346.7
711655,Tile Setter,4,1,809351.21
667997,Boilermaker,6,1,840364.66
587574,Concrete Finisher,12,2,356075.92
330426,Concrete Finisher,5,2,204940.39
168402,Welder,10,2,250394.46
872877,Pipelayer,11,1,64530.94
131900,Equipment Operator,3,0,57418.65
150431,Plasterers,2,1,726595.98
552828,Waterproofer,1,1,593639.4
808774,Boilermaker,4,0,167892.31
301950,Painter,10,0,355535.57
853012,Plumber,1,2,902432.17
645898,Laborer,1,0,819372.89
482675,Painter,12,2,110447.05
728795,Stucco Mason,3,0,600281.1
707793,Stucco Mason,6,2,796208.29
636693,Linemen,10,1,80959.85
878548,Electrician,1,0,279400.37
131389,Landscaper,7,0,527455.29
251583,Sheet Metal Worker,10,1,296936.36
959086,Tile Setter,5,1,833662.56
668706,Landscaper,8,1,62863.47
812391,Refridgeration,4,2,365336.71
365475,Terrazzo,5,2,240358.51
520285,Stucco Mason,1,1,231274.18
892259,Laborer,9,2,670775.98
515184,Millwright,11,2,941541.8
844729,HVAC,9,0,482768.1
432066,HVAC,7,1,948249.23
412211,Waterproofer,8,2,504473.74
678928,Pipefitter,11,2,622552.23
132654,Plasterers,9,1,542964.6
903003,Concrete Finisher,3,2,381491.29
463015,HVAC,2,0,369159.91
333751,Pipelayer,12,2,604143.16
157226,Concrete Finisher,6,0,810440.73
897243,Stucco Mason,2,2,233394.2
669815,Laborer,6,0,75702.34
115700,Electrician,1,0,39427.17
637751,Laborer,11,2,85940.94
533973,Brickmason,11,0,611008.55
991995,Glazier,8,1,757509.33
781059,Ironworker,10,1,742240.91
482493,Pipelayer,10,1,551693.52
673131,Boilermaker,8,1,643122.87
667511,Millwright,7,1,416211.0
208426,HVAC,2,0,175848.17
613237,Equipment Operator,11,0,63990.13
775395,Landscaper,9,0,546745.63
500065,Linemen,8,1,818520.08
384337,Plasterers,11,2,494823.28
397389,Landscaper,10,0,606505.02
313274,Ironworker,5,0,602952.07
113985,Electrician,10,2,249934.55
537880,Painter,12,0,667117.3
569904,HVAC,11,2,454008.24
249624,Waterproofer,10,2,72276.77
326258,Plasterers,12,1,147491.5
974892,Concrete Finisher,2,1,473314.57
770460,Landscaper,3,0,369364.33
338648,Terrazzo,6,1,302833.03
758613,Pipelayer,2,1,204674.02
625116,Terrazzo,5,2,518113.05
311907,Pipelayer,7,2,820861.36
184316,Stucco Mason,1,1,16499.9
464927,Concrete Finisher,7,2,291844.8
471800,Linemen,11,2,618013.38
854412,Equipment Operator,6,2,835507.32
280219,Brickmason,12,0,204676.43
526853,HVAC,4,1,158272.25
329978,Welder,7,1,71041.81
634589,Electrician,10,2,799151.49
469527,Welder,6,0,717535.75
811231,Glazier,5,0,271786.14
283398,Pipefitter,5,0,518195.19
137421,Waterproofer,3,0,590916.51
126959,Painter,7,2,313511.5
929780,Plasterers,5,2,265661.68
287585,Pipefitter,11,0,217263.51
185150,Painter,10,1,331445.62
122002,Tile Setter,9,1,509991.76
565528,Equipment Operator,8,1,285920.09
449011,Stucco Mason,6,0,296489.33
610549,Plasterers,2,0,345457.81
904519,Brickmason,1,1,857419.82
798331,Plasterers,11,2,561219.58
211996,Pipefitter,1,0,226515.63
719011,Stucco Mason,2,1,176011.74
388795,Cement Mason,1,1,300995.62
468441,Pipefitter,9,2,18372.44
565126,Tile Setter,9,2,160052.05
626764,HVAC,4,0,916793.16
421954,Terrazzo,10,0,633032.19
188227,Brickmason,6,2,272207.85
888382,Safety Officer,2,2,896290.36
370146,Pipelayer,12,0,205826.11
282327,Terrazzo,4,1,85051.77
383803,Pipelayer,2,2,178547.67
781680,Sheet Metal Worker,3,1,434444.92
979726,HVAC,9,2,800638.01
343761,Sheet Metal Worker,5,2,413467.27
767650,Terrazzo,7,0,945388.29
238265,Cement Mason,8,0,433006.4
380045,Tile Setter,5,2,465073.29
236806,Laborer,6,1,135324.28
677628,Pipefitter,2,2,839701.47
134516,Cement Mason,8,0,772133.43
171485,Welder,3,0,288774.61
850464,Cement Mason,11,2,635884.29
922749,Waterproofer,5,1,451077.38
892047,Refridgeration,7,0,166760.15
847301,Millwright,2,1,611764.41
178462,Electrician,12,1,121133.5
855496,Millwright,12,1,405759.95
526764,Millwright,1,2,278981.74
169485,Stucco Mason,12,0,449610.34
113800,Pipefitter,3,0,924970.56
189049,Landscaper,7,2,614162.18
288597,Pipefitter,4,1,306466.22
410139,Tile Setter,8,0,402604.11
238895,Painter,8,2,186347.07
444220,Waterproofer,10,2,668638.75
817653,Refridgeration,7,2,759893.97
243390,Electrician,6,1,348731.15
249231,Concrete Finisher,2,1,202482.28
963798,Equipment Operator,10,1,877479.22
559512,Sheet Metal Worker,2,0,487993.04
995705,Terrazzo,6,0,406641.69
431936,Welder,4,0,511285.87
716407,Sheet Metal Worker,10,1,946029.86
805771,Electrician,6,2,324333.58
875451,Linemen,3,2,303826.21
323899,Linemen,12,2,308697.89
982543,Millwright,8,1,542772.54
562293,Welder,1,0,377115.14
927157,Laborer,10,1,510662.46
805622,Terrazzo,10,0,549826.35
675713,Equipment Operator,5,1,104402.99
386675,Concrete Finisher,11,1,400651.0
836513,Pipelayer,11,2,818921.09
658272,Boilermaker,10,2,177718.79
546131,Boilermaker,11,0,790671.57
203377,Tile Setter,7,0,494300.8
531894,Carpenter,4,2,422102.24
210069,Pipelayer,10,0,857637.09
963399,Sheet Metal Worker,1,1,157108.94
524674,Equipment Operator,1,2,398577.09
329324,Linemen,12,2,45015.86
588030,Cement Mason,5,1,371001.17
218521,Laborer,10,1,171989.29
949477,Welder,1,2,670537.57
932385,Brickmason,6,0,174277.31
350796,HVAC,8,0,131882.73
748719,Waterproofer,5,0,379188.96
185251,Waterproofer,4,1,304365.94
777575,Millwright,9,0,653116.54
414220,Glazier,11,0,506015.66
974432,Plasterers,6,0,579231.49
462254,Safety Officer,5,1,541844.96
886260,Concrete Finisher,10,2,624336.11
127561,Glazier,3,2,763958.79
972252,Stucco Mason,1,2,867164.27
775017,Ironworker,8,0,418328.15
133098,Laborer,6,2,428451.65
918927,Landscaper,4,0,905132.1
591645,Plasterers,5,0,155600.06
129242,Terrazzo,9,1,510499.76
205731,Laborer,7,0,152947.36
400197,Laborer,9,0,204801.75
364121,HVAC,8,2,370516.21
384825,Pipelayer,3,0,413631.04
378967,Millwright,10,0,296369.02
292283,Plasterers,2,0,214117.78
431720,Linemen,5,2,21767.4
287672,Landscaper,10,2,609831.67
348403,Equipment Operator,12,2,306101.28
350755,Landscaper,12,0,434655.31
209126,Boilermaker,5,0,545259.02
286557,Painter,1,1,656675.21
139433,Stucco Mason,4,2,526494.07
284612,Laborer,3,2,348122.94
368539,Landscaper,3,2,910221.71
682093,Welder,10,0,76880.09
940432,Equipment Operator,1,2,814847.78
284548,Ironworker,2,1,576317.76
646051,Welder,5,0,433879.08
342986,Electrician,9,1,529725.69
519641,Plasterers,10,1,37879.11
264070,Plasterers,6,1,328509.42
504229,Brickmason,3,1,401878.43
450961,Terrazzo,12,2,219592.75
306274,Tile Setter,4,2,52875.49
480920,Pipefitter,8,1,442081.98
122789,Glazier,7,1,838191.68
440477,Linemen,8,0,766726.74
105401,Welder,3,0,76067.16
462153,Linemen,9,2,802101.02
183875,Laborer,5,2,855944.85
485563,Concrete Finisher,7,2,606810.16
540289,Ironworker,9,0,471960.91
500342,Laborer,3,0,623926.13
121498,Stucco Mason,9,2,677960.34
627548,Safety Officer,7,1,355042.87
318531,Plumber,11,2,890256.78
378704,Cement Mason,12,1,325483.12
809107,Refridgeration,9,1,118435.48
758376,Tile Setter,10,0,285774.83
915913,Linemen,2,0,229389.59
