numero,nombre,tipo_empleo,tipo_producto,monto_pagar,gastos
614894fefc13ae6e0e01931f,Albert Meharg,5,1,8725.57,4471.68
614894fefc13ae6e0e019320,Jordan Calloway,5,4,1259.79,7500.5
614894fefc13ae6e0e019321,Miller Geraudy,0,4,6620.51,3602.69
614894fefc13ae6e0e019322,Duff Guyers,5,1,6891.82,8443.99
614894fefc13ae6e0e019323,Kathlin Hamflett,4,3,1341.36,2591.61
614894fefc13ae6e0e019324,Filip Brisland,6,5,5985.22,6702.39
614894fefc13ae6e0e019325,Roana Glacken,5,4,2524.23,5917.22
614894fefc13ae6e0e019326,Ricki Challenor,2,1,4937.25,5956.31
614894fefc13ae6e0e019327,Hayley Catanheira,1,5,3344.48,9238.76
614894fefc13ae6e0e019328,Adina Attoe,4,4,9711.6,9549.42
614894fefc13ae6e0e019329,Hall Machen,4,1,9405.29,4554.64
614894fefc13ae6e0e01932a,Skell Dunham,2,5,8289.4,7380.13
614894fefc13ae6e0e01932b,Valencia Tredinnick,6,3,1688.75,3099.87
614894fefc13ae6e0e01932c,Lindsey McCraw,1,3,9682.96,1062.26
614894fefc13ae6e0e01932d,Morten Foucar,1,1,3398.14,4731.27
614894fefc13ae6e0e01932e,Lib Zanolli,4,5,2615.45,7428.2
614894fefc13ae6e0e01932f,Alphonso Jefford,1,3,9170.24,5905.73
614894fefc13ae6e0e019330,Shannen Starton,1,2,1494.11,3363.12
614894fefc13ae6e0e019331,Blake Gergher,5,2,9734.06,7600.31
614894fefc13ae6e0e019332,Tabbie Brawson,4,5,9400.36,4637.92
614894fefc13ae6e0e019333,Kort Baynton,0,1,7570.0,7580.02
614894fefc13ae6e0e019334,Bax Posten,1,1,5684.29,8428.18
614894fefc13ae6e0e019335,Reiko Shawl,0,2,1276.94,5569.76
614894fefc13ae6e0e019336,Kitti Small,6,4,9476.91,9302.43
614894fefc13ae6e0e019337,Diena Renol,1,4,5476.89,1926.73
614894fefc13ae6e0e019338,Ailbert St. Louis,6,4,4170.71,2386.01
614894fefc13ae6e0e019339,Clayton Brende,6,3,3435.17,5740.8
614894fefc13ae6e0e01933a,Jackqueline Thompkins,6,3,1726.31,3391.27
614894fefc13ae6e0e01933b,Kit McLardie,5,2,8197.66,9790.58
614894fefc13ae6e0e01933c,Lynna Daborn,6,2,6227.87,6462.6
614894fefc13ae6e0e01933d,Jeno Ithell,5,2,3826.79,8399.15
614894fefc13ae6e0e01933e,Dale Markwell,5,3,3513.54,6947.77
614894fefc13ae6e0e01933f,Noby Dicky,6,2,8083.07,6789.9
614894fefc13ae6e0e019340,Isidoro Abbett,5,3,3466.81,4743.59
614894fefc13ae6e0e019341,Dollie Hulance,4,2,1890.07,8930.78
614894fefc13ae6e0e019342,Brynna Gavaghan,0,2,4642.02,2120.52
614894fefc13ae6e0e019343,Vivyanne Langfield,6,1,9808.2,1899.79
614894fefc13ae6e0e019344,Olav Collin,6,4,5573.39,9035.79
614894fefc13ae6e0e019345,Aubert Shelley,1,5,1907.63,4490.95
614894fefc13ae6e0e019346,Fulton Summerlee,2,5,1122.5,4056.66
614894fefc13ae6e0e019347,Hershel Haggerston,4,5,3039.0,5096.79
614894fefc13ae6e0e019348,Emmie Tankus,6,1,7364.96,2291.22
614894fefc13ae6e0e019349,Lorinda Tregenna,2,3,9785.89,9857.75
614894fefc13ae6e0e01934a,Corilla Jellybrand,1,5,4703.86,1803.21
614894fefc13ae6e0e01934b,Rolf Matherson,4,5,4256.41,2450.73
614894fefc13ae6e0e01934c,Alair Heball,1,3,8536.79,6803.58
614894fefc13ae6e0e01934d,Dicky Neeves,3,3,4610.47,4991.83
614894fefc13ae6e0e01934e,Ursala Forrest,6,2,9658.28,9315.29
614894fefc13ae6e0e01934f,Francklyn Dockrill,4,2,9899.44,3542.12
614894fefc13ae6e0e019350,Westbrook Moxted,6,1,2724.49,2751.47
614894fefc13ae6e0e019351,Tobias Knight,2,1,2583.75,2220.52
614894fefc13ae6e0e019352,Cheslie Sherred,2,2,4371.54,5456.4
614894fefc13ae6e0e019353,Whitney Gosney,2,5,5060.38,9634.52
614894fefc13ae6e0e019354,Lionel Bleas,1,3,5518.18,6501.49
614894fefc13ae6e0e019355,Mead Aldham,6,1,4803.06,3484.43
614894fefc13ae6e0e019356,Deborah MacCafferty,0,5,2776.63,4012.74
614894fefc13ae6e0e019357,Aurie Gypson,1,3,4884.15,8773.52
614894fefc13ae6e0e019358,Rossie Simoni,6,5,2731.85,5464.49
614894fefc13ae6e0e019359,Willyt McPhaden,2,2,6951.21,5781.52
614894fefc13ae6e0e01935a,Brew Duesbury,5,5,4542.4,7680.5
614894fefc13ae6e0e01935b,Brandtr Sifflett,4,3,9556.27,7375.84
614894fefc13ae6e0e01935c,Jerry Chilvers,2,5,1193.91,7588.63
614894fefc13ae6e0e01935d,Eduardo Newcombe,1,4,7557.15,8059.92
614894fefc13ae6e0e01935e,Fidelio Ceschini,2,2,1747.83,2038.56
614894fefc13ae6e0e01935f,Randi Mussared,3,4,3992.38,1564.38
614894fefc13ae6e0e019360,Fraze MacElholm,6,4,9997.67,7129.69
614894fefc13ae6e0e019361,Linn Threadgould,1,2,5941.41,5507.97
614894fefc13ae6e0e019362,Jaymie Mattielli,0,4,5324.76,6089.82
614894fefc13ae6e0e019363,Hanni Sanchiz,5,2,8089.79,5445.15
614894fefc13ae6e0e019364,Baxter Frandsen,1,3,7429.42,9567.69
614894fefc13ae6e0e019365,Katharyn Brotherhed,1,4,1854.71,2885.53
614894fefc13ae6e0e019366,Nikita Sitlinton,6,4,8479.12,6228.92
614894fefc13ae6e0e019367,Jarret Olenichev,2,2,5186.92,6472.91
614894fefc13ae6e0e019368,Cathryn Brastead,5,2,5809.76,9037.96
614894fefc13ae6e0e019369,Reamonn Yegoshin,5,4,7264.79,4419.94
614894fefc13ae6e0e01936a,Winfield Bortolutti,0,1,3847.58,8424.75
614894fefc13ae6e0e01936b,Blancha Oleshunin,6,4,3809.32,2418.56
614894fefc13ae6e0e01936c,Hayley Hudspeth,1,3,7183.53,2976.1
614894fefc13ae6e0e01936d,Benedict Jewson,1,1,6415.71,1130.13
614894fefc13ae6e0e01936e,Darla Fairclough,1,2,8316.32,7109.2
614894fefc13ae6e0e01936f,Wolfgang Corrado,1,5,8902.73,6960.99
614894fefc13ae6e0e019370,Rachele McClarence,6,3,2909.96,3907.18
614894fefc13ae6e0e019371,Shara Clapperton,1,2,5020.61,6598.01
614894fefc13ae6e0e019372,Edwina Berndtsson,2,5,4749.59,2010.97
614894fefc13ae6e0e019373,Matilda Oldmeadow,5,5,1509.29,8261.09
614894fefc13ae6e0e019374,Viviyan Brimblecomb,0,2,5118.81,6469.97
614894fefc13ae6e0e019375,Frances Janaud,3,3,8646.42,5650.39
614894fefc13ae6e0e019376,Emmott Wyant,2,5,5656.8,2423.68
614894fefc13ae6e0e019377,Ricky Redler,5,4,1963.14,8969.78
614894fefc13ae6e0e019378,Robyn Dudill,1,3,6151.62,1462.47
614894fefc13ae6e0e019379,Dion Andersson,0,5,6428.78,6349.99
614894fefc13ae6e0e01937a,Kennith Steanyng,6,2,2574.5,6832.8
614894fefc13ae6e0e01937b,Beverly Roy,3,1,1693.47,8517.31
614894fffc13ae6e0e01937c,Deanne Benck,6,2,1458.28,9763.96
614894fffc13ae6e0e01937d,Noak Caird,0,5,6661.83,3034.55
614894fffc13ae6e0e01937e,Eldin Rambadt,2,3,7370.65,8117.89
614894fffc13ae6e0e01937f,Lauretta Bullin,3,4,9062.69,4515.33
614894fffc13ae6e0e019380,Wendall Hebblethwaite,0,1,3474.26,5251.6
614894fffc13ae6e0e019381,Margy McGibbon,5,5,9491.08,9232.64
614894fffc13ae6e0e019382,Stanislaw Kuhlen,6,5,8109.18,6435.54
614894fffc13ae6e0e019383,Bondy Bardsley,5,2,2663.98,2325.98
614894fffc13ae6e0e019384,Pegeen Salkeld,2,2,7002.64,4970.04
614894fffc13ae6e0e019385,Halley Usmar,2,1,8668.21,3827.92
614894fffc13ae6e0e019386,Reagen Jurca,1,1,7906.51,4985.95
614894fffc13ae6e0e019387,Dukey Divina,0,2,6485.93,1626.09
614894fffc13ae6e0e019388,Bobby Aughtie,0,3,9085.69,4921.5
614894fffc13ae6e0e019389,Abraham Bradnocke,4,3,4894.44,9565.27
614894fffc13ae6e0e01938a,Rosalinde Giannasi,6,4,7076.27,4395.05
614894fffc13ae6e0e01938b,Jolee Oldfield,6,5,6403.49,8423.21
614894fffc13ae6e0e01938c,Michal Killimister,5,3,7331.97,8957.59
614894fffc13ae6e0e01938d,Haslett Wermerling,6,4,9535.96,1708.28
614894fffc13ae6e0e01938e,Arlee Oliphant,1,4,9338.6,4875.55
614894fffc13ae6e0e01938f,Vito Gillean,2,3,2662.96,5039.03
614894fffc13ae6e0e019390,Joela Pattini,3,1,7945.71,4653.12
614894fffc13ae6e0e019391,Celeste Packe,3,2,1159.34,6540.79
614894fffc13ae6e0e019392,Marys Cornill,2,2,8070.91,1455.68
614894fffc13ae6e0e019393,Byrom Mennithorp,5,3,7818.66,5159.23
614894fffc13ae6e0e019394,Tann Eyer,5,2,6959.36,8377.82
614894fffc13ae6e0e019395,Nicolette Gaye,6,1,9582.2,7975.15
614894fffc13ae6e0e019396,Yancey Rubin,0,3,5110.95,2673.59
614894fffc13ae6e0e019397,Elyssa Tincknell,4,3,4942.88,3839.44
614894fffc13ae6e0e019398,Rhianon Maskrey,2,5,6718.24,7428.53
614894fffc13ae6e0e019399,Clint Lambotin,5,5,4710.23,8625.59
614894fffc13ae6e0e01939a,Kerrin Begin,2,1,7068.12,9228.03
614894fffc13ae6e0e01939b,Jerrold Stittle,5,5,2196.81,6372.07
614894fffc13ae6e0e01939c,Leonerd Mityukov,0,2,8552.79,4819.71
614894fffc13ae6e0e01939d,Nanette Micheau,6,2,7284.58,1664.9
614894fffc13ae6e0e01939e,Chiarra Purvey,3,5,9217.57,4073.78
614894fffc13ae6e0e01939f,Melitta Feast,1,1,7428.36,9689.21
614894fffc13ae6e0e0193a0,Joel Nunn,1,2,2999.04,8927.67
614894fffc13ae6e0e0193a1,Sanford Pick,1,3,1884.12,2290.9
614894fffc13ae6e0e0193a2,Consuela Ackland,0,4,9466.52,2056.25
614894fffc13ae6e0e0193a3,Forester Thrift,5,5,4048.44,7688.22
614894fffc13ae6e0e0193a4,Fredericka Coolson,2,2,5720.37,5311.22
614894fffc13ae6e0e0193a5,Ericha Kindell,0,2,9103.36,8811.15
614894fffc13ae6e0e0193a6,Roley Colegrove,2,3,2099.26,6256.1
614894fffc13ae6e0e0193a7,Shandra Lodevick,3,2,8295.82,7449.1
614894fffc13ae6e0e0193a8,Virgil Cortez,6,5,1800.87,6610.54
614894fffc13ae6e0e0193a9,Kimmi Crebo,2,3,2711.48,6197.6
614894fffc13ae6e0e0193aa,Sandy Skamell,3,5,1761.66,4009.78
614894fffc13ae6e0e0193ab,Marilee Crichten,2,4,6538.85,6083.11
614894fffc13ae6e0e0193ac,Shaw Aylesbury,1,2,3732.42,8524.87
614894fffc13ae6e0e0193ad,Ciel Diggar,5,1,9511.22,8416.99
614894fffc13ae6e0e0193ae,Reta Martugin,4,3,8195.04,1539.66
614894fffc13ae6e0e0193af,Mead Shaw,4,5,4437.29,1575.38
614894fffc13ae6e0e0193b0,Adrea Brumby,0,1,2367.11,2842.85
614894fffc13ae6e0e0193b1,Allyn Gamwell,4,2,5768.83,7917.51
614894fffc13ae6e0e0193b2,Jolie Pettit,5,5,4896.1,8759.47
614894fffc13ae6e0e0193b3,Jobyna Titcombe,4,4,1702.24,4166.24
614894fffc13ae6e0e0193b4,Andie Livesey,4,3,6525.6,2821.64
614894fffc13ae6e0e0193b5,Wynn Minichillo,1,4,4215.76,1730.73
614894fffc13ae6e0e0193b6,Rea Arrol,2,2,3688.18,1515.74
614894fffc13ae6e0e0193b7,Lidia Beggin,4,1,7908.69,4783.9
614894fffc13ae6e0e0193b8,Joli Kingshott,2,2,2624.46,1588.45
614894fffc13ae6e0e0193b9,Ryley Biggs,6,5,8623.09,6104.55
614894fffc13ae6e0e0193ba,Ransom Coggings,0,4,5727.02,4614.86
614894fffc13ae6e0e0193bb,Loy Eden,0,2,1502.65,4867.38
614894fffc13ae6e0e0193bc,Rossie Elgram,4,4,5802.1,9822.18
614894fffc13ae6e0e0193bd,Eyde Florey,6,4,2464.87,4605.06
614894fffc13ae6e0e0193be,Karol Osgerby,1,2,6077.31,5866.67
614894fffc13ae6e0e0193bf,Cirilo Ramsbottom,4,2,3496.36,8856.23
614894fffc13ae6e0e0193c0,Damon Rilings,1,2,3614.65,8743.38
614894fffc13ae6e0e0193c1,Jarib Shrimpling,6,3,8268.27,5883.81
614894fffc13ae6e0e0193c2,Cirillo Coggings,6,1,4264.99,3178.39
614894fffc13ae6e0e0193c3,Debi Denver,1,1,7409.2,7708.47
614894fffc13ae6e0e0193c4,Kippie Hannis,2,4,1454.37,1967.5
614894fffc13ae6e0e0193c5,Toby Cheine,0,5,7007.28,1652.76
614894fffc13ae6e0e0193c6,Jude Domenici,0,5,6929.58,3755.8
614894fffc13ae6e0e0193c7,Jordan Nevet,3,4,3115.55,2861.38
614894fffc13ae6e0e0193c8,Carlin Rockcliffe,0,1,3222.51,2222.77
614894fffc13ae6e0e0193c9,Alix McLarty,1,1,2047.57,3466.82
614894fffc13ae6e0e0193ca,Pooh Dennison,0,5,4706.72,8344.27
614894fffc13ae6e0e0193cb,Elden Buddell,2,4,2464.33,7202.78
614894fffc13ae6e0e0193cc,Neddy Cafferty,5,1,2467.88,2676.19
614894fffc13ae6e0e0193cd,Artemus Bertin,1,5,9105.1,8129.44
614894fffc13ae6e0e0193ce,Valli Stothard,0,1,7674.7,5381.83
614894fffc13ae6e0e0193cf,Nicky Cotman,4,3,5441.6,9294.14
614894fffc13ae6e0e0193d0,Brock Claringbold,0,3,9125.66,5078.8
614894fffc13ae6e0e0193d1,Tobin McKerley,2,5,6724.56,8832.4
614894fffc13ae6e0e0193d2,Bradly Barrington,6,5,8131.84,9764.27
614894fffc13ae6e0e0193d3,Lilian Neligan,6,1,4839.36,9725.34
614894fffc13ae6e0e0193d4,Francine Cuskery,4,4,8774.46,5292.64
614894fffc13ae6e0e0193d5,Conway Norgan,4,1,1410.1,2369.05
614894fffc13ae6e0e0193d6,Gray Simkin,6,5,5347.79,1079.89
614894fffc13ae6e0e0193d7,Hammad Rozycki,6,1,7618.41,2114.14
614894fffc13ae6e0e0193d8,Svend Plank,2,4,9536.82,3180.37
614894fffc13ae6e0e0193d9,Shirlee Instrell,5,5,9542.01,6539.92
614894fffc13ae6e0e0193da,Brnaba Scholler,4,3,5747.15,5628.55
614894fffc13ae6e0e0193db,Papageno Stirzaker,0,1,8986.1,9904.08
614894fffc13ae6e0e0193dc,Caritta Gillaspy,2,5,1525.67,2616.78
614894fffc13ae6e0e0193dd,Basil Perazzo,5,2,7810.29,5509.25
614894fffc13ae6e0e0193de,Dilly Ballston,1,3,7790.8,3846.59
614894fffc13ae6e0e0193df,Cris Mundie,3,5,9054.61,7808.36
614894fffc13ae6e0e0193e0,Krishnah Riggey,5,5,5731.98,5824.05
614894fffc13ae6e0e0193e1,Philly Radwell,4,2,4013.22,2670.58
614894fffc13ae6e0e0193e2,Marji Sparling,0,2,7598.45,5483.2
614894fffc13ae6e0e0193e3,Lonna Ahren,0,2,6579.02,6453.76
614894fffc13ae6e0e0193e4,Abbey Kuzma,2,5,5023.21,5937.93
614894fffc13ae6e0e0193e5,Margret Meads,0,3,1402.19,3471.35
614894fffc13ae6e0e0193e6,Chelsie Mathevon,3,2,7222.47,6370.93
614894fffc13ae6e0e0193e7,Fair Vasilik,4,4,1598.39,7886.97
614894fffc13ae6e0e0193e8,Saw Goulstone,4,3,5835.41,6277.58
614894fffc13ae6e0e0193e9,Kati Corking,3,1,6370.38,5373.1
614894fffc13ae6e0e0193ea,Adelina Camies,2,2,3482.28,3620.91
614894fffc13ae6e0e0193eb,Demott Fernie,6,2,4010.02,8896.47
614894fffc13ae6e0e0193ec,Steward Seczyk,1,3,2448.52,8509.26
614894fffc13ae6e0e0193ed,Tadio O'Hartigan,0,5,1456.03,8127.81
614894fffc13ae6e0e0193ee,Petr Chsteney,6,4,4749.25,6690.09
614894fffc13ae6e0e0193ef,Lucila Allmark,4,1,4583.67,7824.22
614894fffc13ae6e0e0193f0,Nananne Kelley,0,1,2448.36,6610.41
614894fffc13ae6e0e0193f1,Madella Hamberston,1,4,1260.77,4396.08
614894fffc13ae6e0e0193f2,Maxim De Brett,5,5,3037.63,7045.43
614894fffc13ae6e0e0193f3,Alvera Barok,0,3,9708.45,4389.18
614894fffc13ae6e0e0193f4,Sarena Frude,4,2,7603.9,9795.5
614894fffc13ae6e0e0193f5,Arlinda Gibbens,6,3,2906.92,3851.23
614894fffc13ae6e0e0193f6,Griffin Gehrtz,1,5,9179.89,3533.54
614894fffc13ae6e0e0193f7,Tiff Merricks,5,2,2970.17,1324.56
614894fffc13ae6e0e0193f8,Boony Alvey,2,2,9289.9,7127.96
614894fffc13ae6e0e0193f9,Raquel Ceschelli,4,5,6838.22,3425.02
614894fffc13ae6e0e0193fa,Glynn Frankland,3,4,2266.21,8869.39
614894fffc13ae6e0e0193fb,Ernest Bartali,2,5,6005.99,6525.71
614894fffc13ae6e0e0193fc,Wright Rothschild,3,3,1727.29,2694.04
614894fffc13ae6e0e0193fd,Erica Crighten,6,1,4670.6,4661.7
614894fffc13ae6e0e0193fe,Juli Hallin,6,4,7187.44,5606.24
614894fffc13ae6e0e0193ff,Fulvia Houseley,6,4,8317.96,8332.17
614894fffc13ae6e0e019400,Pierce Simnor,5,2,3350.75,9344.74
614894fffc13ae6e0e019401,Rachel Manby,6,3,1707.66,6764.43
614894fffc13ae6e0e019402,Britni Olivie,1,4,5647.47,5866.76
614894fffc13ae6e0e019403,Estell Reckhouse,1,2,1990.12,9485.32
614894fffc13ae6e0e019404,Nannie Mathivat,2,3,2875.21,5332.19
614894fffc13ae6e0e019405,Gustavus Iacovino,5,3,6854.56,1481.12
614894fffc13ae6e0e019406,Mikaela Clipsham,4,2,8001.4,9525.61
614894fffc13ae6e0e019407,Townsend Burrus,5,5,6230.26,7218.61
614894fffc13ae6e0e019408,Joella Abernethy,5,3,4897.93,4077.27
614894fffc13ae6e0e019409,Carol Regardsoe,0,3,9393.32,8736.03
614894fffc13ae6e0e01940a,Valida Landes,6,5,7689.96,9350.11
614894fffc13ae6e0e01940b,Gerrard Coultous,2,4,5120.38,9591.57
614894fffc13ae6e0e01940c,Marybeth McBean,3,1,6165.75,2281.33
614894fffc13ae6e0e01940d,Darda Kyme,1,2,9239.24,5540.57
614894fffc13ae6e0e01940e,Conway Stearn,1,5,8606.27,9042.77
614894fffc13ae6e0e01940f,Pennie Keir,6,1,5395.61,7628.49
614894fffc13ae6e0e019410,Antonie Claessens,1,3,6612.35,5164.41
614894fffc13ae6e0e019411,Corabella Calway,4,3,3071.7,6444.03
614894fffc13ae6e0e019412,Quint MacCaughen,1,2,2360.88,8423.5
614894fffc13ae6e0e019413,Louisa Henden,2,4,7806.43,7287.55
614894fffc13ae6e0e019414,Briney Wanden,2,2,2388.67,6240.33
614894fffc13ae6e0e019415,Aluino Henriques,2,3,1169.27,1181.29
614894fffc13ae6e0e019416,Walden Ciotto,4,1,6661.49,4264.26
614894fffc13ae6e0e019417,Kora Bowick,3,2,1480.31,3776.66
614894fffc13ae6e0e019418,Arleen Wenderoth,4,5,6126.93,1509.46
614894fffc13ae6e0e019419,Sosanna Mackstead,4,5,4554.78,7948.58
614894fffc13ae6e0e01941a,Kayla Yakubovich,1,2,3797.81,6640.76
614894fffc13ae6e0e01941b,Elga Whitchurch,3,2,4726.96,7367.4
614894fffc13ae6e0e01941c,Kristopher Delaney,3,3,1116.11,8454.36
614894fffc13ae6e0e01941d,Porter Swinerd,3,5,1240.63,5253.9
614894fffc13ae6e0e01941e,Ofella Beament,0,2,7017.27,3685.87
614894fffc13ae6e0e01941f,Minny Peppard,1,3,4788.01,1581.14
614894fffc13ae6e0e019420,Laney Cheak,5,5,7236.28,5437.16
614894fffc13ae6e0e019421,Charmian Smythe,4,1,1754.05,2472.77
614894fffc13ae6e0e019422,Florencia Manilove,3,1,1675.38,3213.37
614894fffc13ae6e0e019423,Moyna Shinton,1,1,3180.2,4603.43
614894fffc13ae6e0e019424,Solly Clissold,5,4,7687.62,1878.58
614894fffc13ae6e0e019425,Edsel Roadknight,4,2,6752.82,2778.68
614894fffc13ae6e0e019426,Erroll Kyberd,2,3,5096.67,7918.24
614894fffc13ae6e0e019427,Jacintha Cormack,1,3,7381.59,7994.64
614894fffc13ae6e0e019428,Sherline Basler,5,1,1390.01,6326.02
614894fffc13ae6e0e019429,Erica Bickerstaffe,3,3,8146.75,3697.39
614894fffc13ae6e0e01942a,Petronella Notley,0,5,2112.14,6990.14
614894fffc13ae6e0e01942b,Lisetta Varty,5,2,6041.74,1097.1
614894fffc13ae6e0e01942c,Florie Raftery,1,3,3683.86,4299.1
614894fffc13ae6e0e01942d,Lilian Juorio,4,4,2835.33,6316.86
614894fffc13ae6e0e01942e,Lolly Maher,1,5,7469.17,6100.98
614894fffc13ae6e0e01942f,Therese Cuberley,4,5,3422.24,8530.14
614894fffc13ae6e0e019430,Lorene Knapman,1,2,6451.16,5692.01
614894fffc13ae6e0e019431,Emmalyn Ferrar,4,4,6258.19,5501.04
614894fffc13ae6e0e019432,Brit Gratland,6,4,1013.15,4605.75
614894fffc13ae6e0e019433,Junia Kirby,3,5,4457.89,1715.52
614894fffc13ae6e0e019434,Floria Cawston,4,4,1090.28,1769.27
614894fffc13ae6e0e019435,Ingar Sooper,1,2,8596.49,2911.6
614894fffc13ae6e0e019436,Silvana Gilli,6,5,9248.81,6172.62
614894fffc13ae6e0e019437,Nobe Jeans,0,5,2445.7,5115.69
614894fffc13ae6e0e019438,Dacie Jadczak,5,5,6263.92,6256.63
614894fffc13ae6e0e019439,Hurley Stobbart,5,2,6187.56,3703.18
614894fffc13ae6e0e01943a,Shelbi Doolan,0,4,2725.61,8651.27
614894fffc13ae6e0e01943b,Odella Stieger,6,5,5736.04,8223.95
614894fffc13ae6e0e01943c,Karna Shuter,1,5,4009.74,1701.59
614894fffc13ae6e0e01943d,Debra Pavlik,3,5,5645.39,3837.18
614894fffc13ae6e0e01943e,Aveline Songist,3,2,8511.08,9758.63
614894fffc13ae6e0e01943f,Mariele Prince,6,4,4971.43,6465.89
614894fffc13ae6e0e019440,Portia Daveridge,5,1,5056.67,5646.75
614894fffc13ae6e0e019441,Valeda Dowse,0,5,5549.79,8315.24
614894fffc13ae6e0e019442,Shaughn Ormond,6,5,4424.48,5511.31
614894fffc13ae6e0e019443,Halsy Leigh,5,3,8908.48,2612.49
614894fffc13ae6e0e019444,Frans Poncet,5,5,8211.73,9878.18
614894fffc13ae6e0e019445,Bonnibelle Brimelow,4,4,5309.64,2656.53
614894fffc13ae6e0e019446,Sabine Ganter,6,5,7466.82,1199.41
614894fffc13ae6e0e019447,Reynold Beacon,5,1,9960.59,2468.06
614894fffc13ae6e0e019448,Bekki McNee,6,4,6079.97,4024.43
614894fffc13ae6e0e019449,Olvan Doughton,2,2,7384.49,2207.74
614894fffc13ae6e0e01944a,Arabella Collyer,6,2,7014.3,4673.41
614894fffc13ae6e0e01944b,Elspeth Leynagh,2,3,6986.11,4812.25
614894fffc13ae6e0e01944c,Parsifal Skarr,4,4,5704.5,6388.42
614894fffc13ae6e0e01944d,Saree Farley,3,5,2986.7,3764.37
614894fffc13ae6e0e01944e,Chelsy Marchand,5,3,9665.74,4204.31
614894fffc13ae6e0e01944f,Sandye Barsam,6,5,8427.98,8615.86
614894fffc13ae6e0e019450,Nikaniki Pickwell,0,2,4795.65,4410.97
614894fffc13ae6e0e019451,Gram Hamflett,2,1,7135.33,1977.29
614894fffc13ae6e0e019452,Ferdinand Staten,4,3,9557.33,5374.62
614894fffc13ae6e0e019453,Zaneta Laurentino,4,2,9904.38,9404.83
614894fffc13ae6e0e019454,Mendie Pinkstone,0,3,8084.65,1273.98
614894fffc13ae6e0e019455,Leonelle Arangy,2,5,9699.76,7537.11
614894fffc13ae6e0e019456,Muhammad Dalgarnocht,5,5,9494.49,8427.86
614894fffc13ae6e0e019457,Nev Handyside,1,3,7967.08,5686.0
614894fffc13ae6e0e019458,Berri McMurray,6,3,5669.2,1876.73
614894fffc13ae6e0e019459,Lilli Gianiello,0,3,7805.13,1947.7
614894fffc13ae6e0e01945a,Ileane Hickisson,6,4,8639.18,2664.82
614894fffc13ae6e0e01945b,Lilia Quarless,6,3,8246.76,1161.09
614894fffc13ae6e0e01945c,Hildagarde Hussell,3,2,4926.78,6835.4
614894fffc13ae6e0e01945d,Gael Wilbore,2,3,9249.46,1156.76
614894fffc13ae6e0e01945e,Hillary Laborda,0,1,6186.35,5563.84
614894fffc13ae6e0e01945f,Neal Ramlot,5,3,7971.93,6336.12
614894fffc13ae6e0e019460,Cyndy Marfe,4,5,8383.79,3619.75
614894fffc13ae6e0e019461,Willow Milier,1,1,4921.8,5177.46
614894fffc13ae6e0e019462,Friederike Semonin,0,4,5122.88,3444.73
614894fffc13ae6e0e019463,Yolanthe Beefon,3,2,3831.05,7277.16
614894fffc13ae6e0e019464,Iver Jorin,0,5,2688.48,4839.77
614894fffc13ae6e0e019465,Silvain Narducci,5,2,2356.14,5445.64
614894fffc13ae6e0e019466,Sylas Marmon,6,5,6373.74,9793.86
614894fffc13ae6e0e019467,Ingemar Pygott,1,2,3503.07,5927.17
614894fffc13ae6e0e019468,Elena Haxby,3,3,8469.87,1372.1
614894fffc13ae6e0e019469,Averil Kynan,6,2,3199.55,8664.13
614894fffc13ae6e0e01946a,Cob Pearman,6,5,9468.63,8381.68
614894fffc13ae6e0e01946b,Noreen Jirsa,0,4,4213.91,1713.38
614894fffc13ae6e0e01946c,Chico Swettenham,3,1,6676.85,3367.0
614894fffc13ae6e0e01946d,Yank Lavin,4,5,4530.96,9789.73
614894fffc13ae6e0e01946e,Nickolaus Hanhart,6,1,8560.05,2027.67
614894fffc13ae6e0e01946f,Kev Gilford,5,2,8585.37,1831.46
614894fffc13ae6e0e019470,Trista Fackrell,4,1,4357.82,2574.94
614894fffc13ae6e0e019471,Lee Carnegy,0,5,8965.85,4863.69
614894fffc13ae6e0e019472,Dominique Owenson,5,2,2157.96,2023.08
614894fffc13ae6e0e019473,Dawn Grizard,1,1,7676.22,8720.79
614894fffc13ae6e0e019474,Kayla Skene,0,1,5128.68,3974.13
614894fffc13ae6e0e019475,Charlena Quennell,5,4,5090.77,3166.66
614894fffc13ae6e0e019476,Paxon Pollastrone,2,1,8881.13,5996.41
614894fffc13ae6e0e019477,Mireielle Samper,4,5,7664.85,4567.08
614894fffc13ae6e0e019478,Melinde Troy,1,3,5037.07,6633.99
614894fffc13ae6e0e019479,Tracy Pond,4,3,4314.8,4145.31
614894fffc13ae6e0e01947a,Shea Ranshaw,3,5,2486.35,9260.52
614894fffc13ae6e0e01947b,Sebastiano Weatherup,3,3,9802.93,2878.39
614894fffc13ae6e0e01947c,Ruby Dowdle,3,4,8034.96,8204.65
614894fffc13ae6e0e01947d,Patty Rounce,4,1,8888.43,7625.18
614894fffc13ae6e0e01947e,Kaleena Del Dello,0,1,3928.61,5307.36
614894fffc13ae6e0e01947f,Trish Shipp,5,4,3151.25,5790.92
614894fffc13ae6e0e019480,Maura Screen,3,4,8578.82,9165.27
614894fffc13ae6e0e019481,Nerty Westall,4,2,7249.38,7139.86
614894fffc13ae6e0e019482,Ricardo Mawdsley,1,1,7492.75,9719.56
614894fffc13ae6e0e019483,Ryley Moggach,2,2,9029.09,8871.18
614894fffc13ae6e0e019484,Ed Matschke,1,2,4355.17,1666.14
614894fffc13ae6e0e019485,Nita Sorsbie,5,4,5426.67,7056.22
614894fffc13ae6e0e019486,Nicolai Southern,1,5,6537.24,3191.74
614894fffc13ae6e0e019487,Davis Hazelden,5,4,8217.84,2141.04
614894fffc13ae6e0e019488,Hinda Livard,5,2,5663.01,7880.74
614894fffc13ae6e0e019489,Flora Ohanessian,1,1,9272.63,4168.4
614894fffc13ae6e0e01948a,Karisa Yoselevitch,1,1,3058.27,1158.97
614894fffc13ae6e0e01948b,Charmian Duckinfield,1,2,2985.26,3135.6
614894fffc13ae6e0e01948c,Bondon Patullo,0,4,4095.99,8174.04
614894fffc13ae6e0e01948d,Lon Margery,0,3,2685.41,2147.0
614894fffc13ae6e0e01948e,Shelby Berney,6,1,3600.98,1757.58
614894fffc13ae6e0e01948f,Kerrill Joppich,3,3,3319.21,2034.5
614894fffc13ae6e0e019490,Marissa Margarson,6,5,6783.93,1124.66
614894fffc13ae6e0e019491,Lyndsie MacElholm,1,2,8316.31,2719.09
614894fffc13ae6e0e019492,Colet Daniele,6,5,5017.22,7121.56
614894fffc13ae6e0e019493,Agretha Soreau,6,4,5149.49,4237.88
614894fffc13ae6e0e019494,Clim Tertre,4,1,1197.0,6095.87
61489500fc13ae6e0e019495,Vinny Holmyard,4,1,8470.02,7156.06
61489500fc13ae6e0e019496,Costa Wickling,5,3,3081.13,2904.65
61489500fc13ae6e0e019497,Dallas Jacox,5,4,4797.62,1895.6
61489500fc13ae6e0e019498,Julee Sturney,6,2,9033.26,9388.02
61489500fc13ae6e0e019499,Glynnis Avrahamoff,4,1,8212.08,9832.99
61489500fc13ae6e0e01949a,Courtnay Jenyns,5,1,3262.95,4090.7
61489500fc13ae6e0e01949b,Kip Rennicks,1,3,2148.89,4413.53
61489500fc13ae6e0e01949c,Pedro Malicki,6,2,7781.11,3652.81
61489500fc13ae6e0e01949d,Robinett Devenport,1,2,5079.71,9234.49
61489500fc13ae6e0e01949e,Madlen Conkay,4,4,1665.6,4078.83
61489500fc13ae6e0e01949f,Odille Klees,2,3,2785.09,1324.55
61489500fc13ae6e0e0194a0,Victoria Lello,4,4,6460.87,3328.26
61489500fc13ae6e0e0194a1,Lucille Iddenden,1,3,8655.46,3068.49
61489500fc13ae6e0e0194a2,Othella Piotr,0,4,2876.33,2967.08
61489500fc13ae6e0e0194a3,Gibb Lenormand,2,2,5323.31,5034.96
61489500fc13ae6e0e0194a4,Berni Ledwidge,0,3,1073.19,5141.63
61489500fc13ae6e0e0194a5,Thorn Beecham,4,2,2024.31,8729.46
61489500fc13ae6e0e0194a6,Georgia Kembry,3,1,4623.1,5958.72
61489500fc13ae6e0e0194a7,Saidee Bourchier,3,2,3215.72,6000.83
61489500fc13ae6e0e0194a8,Caryl Orriss,1,5,1223.13,3364.83
61489500fc13ae6e0e0194a9,Hattie Mattiacci,5,1,3307.33,2023.43
61489500fc13ae6e0e0194aa,Morrie Levis,1,4,8400.0,3516.88
61489500fc13ae6e0e0194ab,Ursulina Rominov,3,1,2467.48,1567.37
61489500fc13ae6e0e0194ac,Rocky Dumphrey,5,3,4960.93,5669.57
61489500fc13ae6e0e0194ad,Paddie Shovlar,2,4,5196.34,5093.51
61489500fc13ae6e0e0194ae,Ade Jacob,0,3,1091.02,9795.25
61489500fc13ae6e0e0194af,Konstantin Campes,6,1,9695.8,1301.76
61489500fc13ae6e0e0194b0,Ethelda Itzhak,3,5,6330.02,6052.59
61489500fc13ae6e0e0194b1,Ginger Posselt,5,2,1463.81,8064.97
61489500fc13ae6e0e0194b2,Ruttger Toping,0,1,8134.9,9576.65
61489500fc13ae6e0e0194b3,Booth Simoes,0,3,6020.3,1098.76
61489500fc13ae6e0e0194b4,Harriet Robertz,0,3,1506.58,9818.74
61489500fc13ae6e0e0194b5,Obed Billany,2,3,3249.03,8432.41
61489500fc13ae6e0e0194b6,Say Weekly,6,4,3141.03,9205.72
61489500fc13ae6e0e0194b7,Flemming Fozard,3,4,9786.39,8977.99
61489500fc13ae6e0e0194b8,Windy Molyneaux,5,1,6381.75,7096.78
61489500fc13ae6e0e0194b9,Jaquelin Hague,0,3,1452.42,1305.48
61489500fc13ae6e0e0194ba,Ulrick Peartree,2,1,7962.31,2883.15
61489500fc13ae6e0e0194bb,Mercy Missenden,0,4,5347.23,8602.37
61489500fc13ae6e0e0194bc,Robbin Sprake,1,4,7846.99,8020.79
61489500fc13ae6e0e0194bd,Niels Betser,3,5,7572.12,9527.7
61489500fc13ae6e0e0194be,Gibb MacRonald,0,1,2688.15,6021.48
61489500fc13ae6e0e0194bf,Ole Yansons,6,3,1390.0,3667.15
61489500fc13ae6e0e0194c0,Randi Whittam,5,5,8802.09,8288.92
61489500fc13ae6e0e0194c1,Thaddus Spinnace,3,2,1545.9,6356.6
61489500fc13ae6e0e0194c2,Mic Quiney,4,1,3284.22,1702.86
61489500fc13ae6e0e0194c3,Gertrudis Mustin,1,4,9210.8,4188.23
61489500fc13ae6e0e0194c4,Dietrich Cawthra,1,3,9420.71,6415.64
61489500fc13ae6e0e0194c5,Consuela Stubs,5,1,7037.26,7133.24
61489500fc13ae6e0e0194c6,Yale Yushmanov,2,4,8364.28,4564.81
61489500fc13ae6e0e0194c7,Vicki Plumm,0,4,8911.24,7816.91
61489500fc13ae6e0e0194c8,Talyah McCreedy,1,2,3071.89,9666.83
61489500fc13ae6e0e0194c9,Kaylil Lacoste,2,3,5146.75,4721.23
61489500fc13ae6e0e0194ca,Alard Grouse,4,4,1575.47,3441.82
61489500fc13ae6e0e0194cb,Rosemarie Henrion,5,1,4525.55,7450.36
61489500fc13ae6e0e0194cc,Nicki Antyshev,4,5,1885.28,5902.12
61489500fc13ae6e0e0194cd,Xaviera Mc Caughan,2,2,9192.24,5209.74
61489500fc13ae6e0e0194ce,Garrik Conwell,6,3,3109.75,3862.57
61489500fc13ae6e0e0194cf,Vita Shilvock,6,2,5746.4,8883.1
61489500fc13ae6e0e0194d0,Kalindi Bamlet,1,5,4303.45,8417.08
61489500fc13ae6e0e0194d1,Gerda Pinnell,1,4,9974.26,7977.4
61489500fc13ae6e0e0194d2,Burtie Borsnall,5,1,8942.25,2169.84
61489500fc13ae6e0e0194d3,Deerdre Waddilow,1,2,6477.49,1430.11
61489500fc13ae6e0e0194d4,Jacinthe Thaim,2,2,6544.45,9667.59
61489500fc13ae6e0e0194d5,Ivy Baulch,3,3,9898.01,8274.22
61489500fc13ae6e0e0194d6,Hetty Poytheras,1,1,2246.02,6840.37
61489500fc13ae6e0e0194d7,Trixy Mohring,2,2,7431.93,1619.12
61489500fc13ae6e0e0194d8,Wang Hosier,5,2,3493.68,1838.04
61489500fc13ae6e0e0194d9,Curran Doncom,0,5,3916.23,4652.77
61489500fc13ae6e0e0194da,Ermin Diehn,2,4,1452.46,3417.8
61489500fc13ae6e0e0194db,Ursuline Decruse,1,1,8902.02,2991.35
61489500fc13ae6e0e0194dc,Laurianne Cummungs,6,2,8521.57,2635.22
61489500fc13ae6e0e0194dd,Hasheem Kruse,5,5,4307.83,4880.55
61489500fc13ae6e0e0194de,Sherill Beeck,0,1,1928.17,8445.79
61489500fc13ae6e0e0194df,Pierette Skipworth,3,5,6844.65,3065.21
61489500fc13ae6e0e0194e0,Linn Ballister,6,1,8419.74,9913.94
61489500fc13ae6e0e0194e1,Leigha Winnister,3,5,9294.84,6568.58
61489500fc13ae6e0e0194e2,Rycca Adamolli,0,4,8977.76,6434.36
61489500fc13ae6e0e0194e3,Natasha Swiffen,3,2,6190.96,7824.86
61489500fc13ae6e0e0194e4,Ellen Patton,3,3,7455.44,4445.95
61489500fc13ae6e0e0194e5,Laurena Scholig,4,1,5152.92,6166.38
61489500fc13ae6e0e0194e6,Susanna Peres,5,5,3436.96,1831.04
61489500fc13ae6e0e0194e7,Coral Prickett,3,3,6108.88,4146.89
61489500fc13ae6e0e0194e8,Marcelo Coronas,3,3,1796.23,6173.91
61489500fc13ae6e0e0194e9,Farra Juster,4,3,8143.96,7023.18
61489500fc13ae6e0e0194ea,Farrand Kondrat,4,2,6231.57,4486.67
61489500fc13ae6e0e0194eb,Pepito Kitley,2,3,9913.77,8584.51
61489500fc13ae6e0e0194ec,Tony Cloney,3,1,1555.08,9680.33
61489500fc13ae6e0e0194ed,Harmon Danielot,0,1,3938.87,8964.39
61489500fc13ae6e0e0194ee,Raffarty Lightbourne,0,1,8349.17,1902.11
61489500fc13ae6e0e0194ef,Harriett Brand,5,5,2812.57,9407.5
61489500fc13ae6e0e0194f0,Che Scurlock,2,2,3943.73,2835.36
61489500fc13ae6e0e0194f1,Cobby Penke,2,3,3976.56,5060.1
61489500fc13ae6e0e0194f2,Marlena Mesias,0,2,1379.28,8842.82
61489500fc13ae6e0e0194f3,Aidan Vallentin,4,2,1339.68,8716.24
61489500fc13ae6e0e0194f4,Tomasina MacCallion,5,2,9209.97,3668.91
61489500fc13ae6e0e0194f5,Horatio Matevosian,5,3,9544.57,3792.84
61489500fc13ae6e0e0194f6,Isobel Davidesco,2,2,2023.73,6673.76
61489500fc13ae6e0e0194f7,Joscelin Lorroway,5,3,4355.23,4306.33
61489500fc13ae6e0e0194f8,Ethe Gentreau,3,4,5672.81,4442.4
61489500fc13ae6e0e0194f9,Teddie Colbertson,4,2,5756.82,4634.06
61489500fc13ae6e0e0194fa,Moyna Tidgewell,6,1,5943.66,4159.74
61489500fc13ae6e0e0194fb,Ron Komorowski,4,3,2009.98,8150.48
61489500fc13ae6e0e0194fc,Keary Lyddon,5,4,9168.86,9175.41
61489500fc13ae6e0e0194fd,Biron Picard,1,2,1055.32,1757.03
61489500fc13ae6e0e0194fe,Joanne Willoughley,2,5,1953.32,4523.43
61489500fc13ae6e0e0194ff,Merrill Dudley,0,2,3471.91,8755.8
61489500fc13ae6e0e019500,Simone Handover,6,5,3206.73,8514.39
61489500fc13ae6e0e019501,Emile Skitch,4,1,8045.56,9595.2
61489500fc13ae6e0e019502,Phylis Waslin,5,1,3340.69,8371.86
61489500fc13ae6e0e019503,Electra Vokins,6,3,3891.91,3018.35
61489500fc13ae6e0e019504,Alleyn Imason,0,1,6219.9,9817.27
61489500fc13ae6e0e019505,Vicky Goldhill,5,3,4260.24,5655.37
61489500fc13ae6e0e019506,Carlina Davidman,6,2,5390.85,6369.32
61489500fc13ae6e0e019507,Chane Raccio,3,3,6968.21,7470.3
61489500fc13ae6e0e019508,Hobey O'Hannigan,3,3,8683.31,6348.64
61489500fc13ae6e0e019509,Candice Whittlesea,5,4,2640.22,4768.09
61489500fc13ae6e0e01950a,Zacherie Gilsthorpe,1,3,1349.08,4682.15
61489500fc13ae6e0e01950b,Killy Matiebe,0,5,7546.58,7064.03
61489500fc13ae6e0e01950c,Esdras Pendre,0,3,8445.06,6241.5
61489500fc13ae6e0e01950d,Becki Shepheard,6,1,6563.83,3275.35
61489500fc13ae6e0e01950e,Gerhard Shay,0,2,5681.19,9733.12
61489500fc13ae6e0e01950f,Rozella Josifovitz,6,5,8567.23,8608.42
61489500fc13ae6e0e019510,Dela Guest,0,5,6088.35,6827.22
61489500fc13ae6e0e019511,Nehemiah Vautrey,0,2,1278.94,4779.51
61489500fc13ae6e0e019512,Meredith Landsborough,6,1,2648.18,7891.69
61489500fc13ae6e0e019513,Pam Ranken,6,3,9601.47,4822.69
61489500fc13ae6e0e019514,Malanie Habbershon,6,4,6118.95,2970.44
61489500fc13ae6e0e019515,Papageno Tregian,4,5,8075.92,4217.24
61489500fc13ae6e0e019516,Oberon Dennidge,1,2,4779.88,5490.21
61489500fc13ae6e0e019517,Jason Grayshan,2,3,3303.3,9398.48
61489500fc13ae6e0e019518,Rosaline Beall,4,2,3686.08,4728.48
61489500fc13ae6e0e019519,Karna Winslow,3,5,2514.14,5350.72
61489500fc13ae6e0e01951a,Pennie Enrich,6,2,1176.71,3563.52
61489500fc13ae6e0e01951b,Roseann Kewley,2,1,2596.67,5599.67
61489500fc13ae6e0e01951c,Albertine Duckering,6,2,2341.35,4655.28
61489500fc13ae6e0e01951d,Mendy Bourgour,5,1,1172.73,5868.22
61489500fc13ae6e0e01951e,Christan Fishley,0,5,5692.29,2996.25
61489500fc13ae6e0e01951f,Clemmy Kinig,3,5,2221.68,8121.88
61489500fc13ae6e0e019520,Caprice Saltmarshe,3,1,4920.4,8893.81
61489500fc13ae6e0e019521,Tanney Sherrard,0,4,1110.36,2724.74
61489500fc13ae6e0e019522,Aurlie Pomeroy,2,4,1652.06,9812.03
61489500fc13ae6e0e019523,Corilla MacGillacolm,2,1,9089.25,1282.87
61489500fc13ae6e0e019524,Andros Ashworth,3,1,4110.39,6627.67
61489500fc13ae6e0e019525,Claudelle Roakes,3,3,1312.31,8746.15
61489500fc13ae6e0e019526,Fairleigh Pfeffel,3,4,3379.1,3290.3
61489500fc13ae6e0e019527,Wallis Statham,6,1,2948.39,9600.04
61489500fc13ae6e0e019528,Humfrey Jaulme,5,3,8455.14,7444.85
61489500fc13ae6e0e019529,Christiane Kalisch,4,3,3888.06,7456.75
61489500fc13ae6e0e01952a,Jo Reeken,3,1,3516.79,4112.8
61489500fc13ae6e0e01952b,Nissa Stanyer,2,2,5015.58,4351.49
61489500fc13ae6e0e01952c,Stephine Jaggi,5,3,5588.37,9789.69
61489500fc13ae6e0e01952d,Kimbell Murphy,5,2,3514.39,7456.56
61489500fc13ae6e0e01952e,Sarena Fawson,4,5,9343.69,4767.64
61489500fc13ae6e0e01952f,Josias Falvey,4,1,4602.93,6536.67
61489500fc13ae6e0e019530,Tiphany Gristhwaite,1,4,3386.75,5856.22
61489500fc13ae6e0e019531,Alisha Orrobin,2,1,6745.8,5891.76
61489500fc13ae6e0e019532,Ronnica Hupe,6,1,6950.25,5911.0
61489500fc13ae6e0e019533,Oran Whitfield,4,1,5023.02,9010.88
61489500fc13ae6e0e019534,Lincoln Seely,1,5,6820.42,8249.8
61489500fc13ae6e0e019535,Roland Thomasson,4,2,5638.09,8298.47
61489500fc13ae6e0e019536,Orella De Lasci,1,3,5015.8,6247.68
61489500fc13ae6e0e019537,Shanta Lukacs,4,1,9435.06,7965.34
61489500fc13ae6e0e019538,Caroljean Sunley,4,3,4738.92,1984.2
61489500fc13ae6e0e019539,Catherina Sedgmond,2,4,5503.96,3399.09
61489500fc13ae6e0e01953a,Umeko Guyton,1,5,3326.67,6372.89
61489500fc13ae6e0e01953b,Husein Ricard,4,1,9005.3,3086.12
61489500fc13ae6e0e01953c,Frannie Robertelli,4,3,4574.81,1941.69
61489500fc13ae6e0e01953d,Daryle Kelly,0,2,6282.72,1787.71
61489500fc13ae6e0e01953e,Silvanus Gladbeck,4,2,2045.36,1961.99
61489500fc13ae6e0e01953f,Alvera Arnout,3,3,9690.07,7981.65
61489500fc13ae6e0e019540,Finn Follin,4,4,5385.93,9230.52
61489500fc13ae6e0e019541,Karlik Copner,4,2,4022.53,4168.23
61489500fc13ae6e0e019542,Alissa Hanlin,3,3,8398.12,5713.65
61489500fc13ae6e0e019543,Christoforo Jirusek,0,3,3138.86,2169.17
61489500fc13ae6e0e019544,Rhianna Garbar,3,3,4912.86,3144.88
61489500fc13ae6e0e019545,Lonnard Rickis,4,3,6734.6,3033.16
61489500fc13ae6e0e019546,Yancey Cantua,4,4,4729.12,2052.83
61489500fc13ae6e0e019547,Cyndy Kryzhov,4,3,1083.31,2209.02
61489500fc13ae6e0e019548,Othilia Fink,3,5,9199.9,4775.86
61489500fc13ae6e0e019549,Rana Brilleman,2,3,9634.57,2987.68
61489500fc13ae6e0e01954a,Petronella Thay,0,3,8434.08,6589.72
61489500fc13ae6e0e01954b,Alden Earnshaw,6,1,4504.93,8493.32
61489500fc13ae6e0e01954c,Vannie Belli,6,2,1221.55,9721.0
61489500fc13ae6e0e01954d,Heida Bruckmann,1,5,3937.59,8073.16
61489500fc13ae6e0e01954e,Chelsey Jewiss,0,1,6509.71,1647.27
61489500fc13ae6e0e01954f,Annice Slite,3,4,2657.38,2015.19
61489500fc13ae6e0e019550,Aleece Moakes,3,1,7458.83,2010.23
61489500fc13ae6e0e019551,Anderson Dorian,5,5,7197.97,1477.68
61489500fc13ae6e0e019552,Elvina Creane,1,3,5416.85,8253.81
61489500fc13ae6e0e019553,Rolando Calow,1,5,7781.02,5572.76
61489500fc13ae6e0e019554,Neddie Beevens,3,4,9628.93,3290.73
61489500fc13ae6e0e019555,Janka Casserley,5,1,9538.67,4203.09
61489500fc13ae6e0e019556,Jerrie Kiddle,1,3,2711.85,7910.3
61489500fc13ae6e0e019557,Rosmunda Kliche,1,5,5829.47,4389.36
61489500fc13ae6e0e019558,Alfi Smee,0,2,5000.57,3358.74
61489500fc13ae6e0e019559,Ansley Looker,3,2,3138.79,5516.3
61489500fc13ae6e0e01955a,Cecile Cornew,0,2,8379.92,5688.97
61489500fc13ae6e0e01955b,Gusti Rijkeseis,5,1,2622.45,8801.59
61489500fc13ae6e0e01955c,Bernie Wills,1,5,7474.05,6436.39
61489500fc13ae6e0e01955d,Fionnula Coull,3,3,9667.41,4156.31
61489500fc13ae6e0e01955e,Boy Chapman,5,2,1265.13,8231.59
61489500fc13ae6e0e01955f,Pamella Tawn,2,1,6016.94,3948.03
61489500fc13ae6e0e019560,Brodie Jack,3,2,4625.1,6912.82
61489500fc13ae6e0e019561,Dorena Baylis,5,3,5882.92,5312.8
61489500fc13ae6e0e019562,Mervin Rockey,1,2,3139.43,4069.59
61489500fc13ae6e0e019563,Owen Breedy,6,3,2146.8,8531.23
61489500fc13ae6e0e019564,Vonnie Dunthorn,0,5,5047.77,3828.15
61489500fc13ae6e0e019565,Donnie Redding,3,4,7804.24,3338.57
61489500fc13ae6e0e019566,Dotti Hunter,6,1,5879.29,1411.47
61489500fc13ae6e0e019567,Nanni Bisset,0,5,5619.76,4776.38
61489500fc13ae6e0e019568,Octavia Hendrik,4,3,9197.5,5706.41
61489500fc13ae6e0e019569,Elicia Agass,4,3,4388.64,3587.81
61489500fc13ae6e0e01956a,Dion Fydo,0,3,7608.37,8514.8
61489500fc13ae6e0e01956b,Camey Crooks,3,1,4535.9,1700.37
61489500fc13ae6e0e01956c,Phyllys Macallam,1,3,4273.83,5610.84
61489500fc13ae6e0e01956d,Lezlie Gallaway,5,3,4769.87,4969.85
61489500fc13ae6e0e01956e,Gabriela Eard,2,5,2548.26,1437.51
61489500fc13ae6e0e01956f,Lilia Elnor,6,3,2385.41,7472.64
61489500fc13ae6e0e019570,Gun Ames,6,1,9325.84,5490.85
61489500fc13ae6e0e019571,Carlie O'Lagene,1,4,5545.21,4133.3
61489500fc13ae6e0e019572,Alaine Kilius,0,1,4412.79,1351.73
61489500fc13ae6e0e019573,Kristofer Woehler,0,1,4258.56,5447.42
61489500fc13ae6e0e019574,Barnett Scranedge,3,5,3803.52,6103.12
61489500fc13ae6e0e019575,Melisa Goodreid,0,2,8829.98,1295.02
61489500fc13ae6e0e019576,Michail Reyna,4,5,9110.92,1636.11
61489500fc13ae6e0e019577,Petrina Abby,1,5,4323.02,6015.47
61489500fc13ae6e0e019578,Fey Somerbell,2,2,8123.1,8268.28
61489500fc13ae6e0e019579,Isidore Spykings,6,4,8493.39,7697.41
61489500fc13ae6e0e01957a,Rodie Harvatt,1,1,3538.99,5979.63
61489500fc13ae6e0e01957b,Latia McGuirk,2,1,9942.84,7996.12
61489500fc13ae6e0e01957c,Merci Harrild,1,1,5797.28,2686.48
61489500fc13ae6e0e01957d,Hilde Bayford,5,5,3862.37,1223.78
61489500fc13ae6e0e01957e,Malinde Dory,4,4,9167.14,5006.88
61489500fc13ae6e0e01957f,Humfried Piche,3,2,4601.4,6440.35
61489500fc13ae6e0e019580,Wade Danick,3,2,9244.08,8542.75
61489500fc13ae6e0e019581,Matteo Hens,5,1,9068.35,8403.73
61489500fc13ae6e0e019582,Pearl Tight,2,4,8870.09,2688.31
61489500fc13ae6e0e019583,Willi Twaits,6,1,1818.2,7043.62
61489500fc13ae6e0e019584,Domingo Heersema,2,3,3693.56,7131.47
61489500fc13ae6e0e019585,Cammy O'Duane,3,5,9139.48,8910.57
61489500fc13ae6e0e019586,Ailbert Flanaghan,2,3,2551.93,2893.27
61489500fc13ae6e0e019587,Shel Applebee,4,3,5296.49,4425.05
61489500fc13ae6e0e019588,Karlis Paradis,5,5,7773.65,6336.95
61489500fc13ae6e0e019589,Phip Jorat,1,3,3821.35,7263.45
61489500fc13ae6e0e01958a,Karine Rollitt,6,3,5786.47,9948.76
61489500fc13ae6e0e01958b,Phelia Allcroft,5,4,9329.57,6474.12
61489500fc13ae6e0e01958c,Janessa Harflete,2,3,9227.8,1150.11
61489500fc13ae6e0e01958d,Cordelie Varney,3,3,8514.54,7380.63
61489500fc13ae6e0e01958e,Rudiger Bellhanger,4,1,1480.33,9319.94
61489500fc13ae6e0e01958f,Laurens Sheather,2,3,2586.82,2561.63
61489500fc13ae6e0e019590,Amalee Malone,4,1,7403.38,8827.53
61489500fc13ae6e0e019591,Aigneis Ellerington,6,5,8883.56,4544.46
61489500fc13ae6e0e019592,Northrop Kimble,3,3,2362.03,4675.48
61489500fc13ae6e0e019593,Nanice Oultram,6,5,1558.62,7157.91
61489500fc13ae6e0e019594,Linda Sampson,2,3,8196.28,9973.75
61489500fc13ae6e0e019595,Marta Pykerman,0,1,8588.05,8141.85
61489500fc13ae6e0e019596,Adora Southall,4,4,2131.74,4769.49
61489500fc13ae6e0e019597,Ilsa Taggerty,0,3,3675.91,6362.75
61489500fc13ae6e0e019598,Alie De Mitri,1,5,6539.16,6126.53
61489500fc13ae6e0e019599,Nariko Smullen,2,5,9589.45,4617.19
61489500fc13ae6e0e01959a,Bonnee Lowthorpe,4,4,3696.53,1284.0
61489500fc13ae6e0e01959b,Burr Jarlmann,2,1,2830.72,7829.81
61489500fc13ae6e0e01959c,Lib Murrigan,2,3,1174.0,8647.86
61489500fc13ae6e0e01959d,Kanya Duester,4,1,8150.87,5626.76
61489500fc13ae6e0e01959e,Sinclare Palia,0,2,8756.12,8712.94
61489500fc13ae6e0e01959f,Chevy Janny,0,1,4895.59,1857.24
61489500fc13ae6e0e0195a0,Joice Pahl,0,4,4990.38,5467.9
61489500fc13ae6e0e0195a1,Wildon Danks,5,5,5724.54,1386.2
61489500fc13ae6e0e0195a2,Charlene Dowall,3,2,6124.99,8158.66
61489500fc13ae6e0e0195a3,Lynsey Beddow,1,5,9798.69,4001.32
61489500fc13ae6e0e0195a4,Merla Baish,5,5,5657.96,9844.21
61489500fc13ae6e0e0195a5,Von Healks,0,4,4584.88,2843.38
61489500fc13ae6e0e0195a6,Shawn Tregea,0,5,3408.74,8317.39
61489500fc13ae6e0e0195a7,Corie Threadgold,4,1,2659.8,4203.65
61489500fc13ae6e0e0195a8,Lambert Sleigh,4,5,7806.68,9050.03
61489500fc13ae6e0e0195a9,Pen Soane,5,2,8924.38,7643.32
61489500fc13ae6e0e0195aa,Edmon Donson,6,4,2376.15,6775.35
61489500fc13ae6e0e0195ab,Constantia Jollands,6,2,4913.14,7036.83
61489500fc13ae6e0e0195ac,Sasha Edsall,4,5,1112.67,1928.6
61489500fc13ae6e0e0195ad,Bryn Houston,1,5,7689.5,3081.07
61489500fc13ae6e0e0195ae,Maje Varker,5,4,8312.59,6982.94
61489500fc13ae6e0e0195af,Cornell Lithgow,1,2,9603.6,6177.7
61489500fc13ae6e0e0195b0,Barrett Thorp,2,2,2646.23,7567.52
61489500fc13ae6e0e0195b1,Caralie Cunrado,5,2,9020.13,2764.15
61489500fc13ae6e0e0195b2,Jard Peggs,0,2,6490.11,1405.15
61489500fc13ae6e0e0195b3,Turner Whoolehan,5,4,5523.96,4569.57
61489500fc13ae6e0e0195b4,Rycca Marshland,4,1,8024.48,7188.79
61489500fc13ae6e0e0195b5,Loren Mart,0,5,2128.8,9534.89
61489500fc13ae6e0e0195b6,Ardeen Walentynowicz,2,4,3441.58,4776.58
61489500fc13ae6e0e0195b7,June Worsley,0,4,7495.73,9830.62
61489500fc13ae6e0e0195b8,Silva Willatts,5,3,2779.62,1449.67
61489500fc13ae6e0e0195b9,Lark Pitrelli,1,5,9638.44,2090.57
61489500fc13ae6e0e0195ba,Wilmer Howen,1,2,4128.22,2416.11
61489500fc13ae6e0e0195bb,Zacharias Bengtson,6,2,3278.12,4026.86
61489500fc13ae6e0e0195bc,Falkner Sorby,1,5,3420.86,9220.88
61489500fc13ae6e0e0195bd,Wilhelmine Pizey,0,2,7484.54,8213.67
61489500fc13ae6e0e0195be,Nobe Aleavy,2,1,2005.74,1211.42
61489500fc13ae6e0e0195bf,Katharine Hockey,6,1,9147.89,5702.78
61489500fc13ae6e0e0195c0,Germaine Gosart,6,3,5818.25,9523.63
61489500fc13ae6e0e0195c1,Marjy Canby,4,1,5351.87,1915.6
61489500fc13ae6e0e0195c2,Tabbie Pashe,4,4,2060.01,9247.72
61489500fc13ae6e0e0195c3,Ansel Alfwy,2,4,7616.53,2055.73
61489500fc13ae6e0e0195c4,Carlye Rosie,2,5,9666.76,9304.81
61489500fc13ae6e0e0195c5,Sheree Karlmann,6,3,6818.61,2646.12
61489500fc13ae6e0e0195c6,Fredia Pala,6,5,4451.12,1541.68
61489500fc13ae6e0e0195c7,Inger Clubley,5,3,1852.92,3401.4
61489500fc13ae6e0e0195c8,Foster Atwell,6,2,3936.0,1844.79
61489500fc13ae6e0e0195c9,Ninon Latus,4,1,2293.8,6687.23
61489500fc13ae6e0e0195ca,Birdie Pulford,4,1,3713.52,6902.14
61489500fc13ae6e0e0195cb,Sherry Wittey,5,2,2493.0,8348.58
61489500fc13ae6e0e0195cc,Daisy Stubbert,6,2,4574.13,3293.63
61489500fc13ae6e0e0195cd,Marijn Gronav,6,2,9297.16,5661.47
61489500fc13ae6e0e0195ce,Holt Piddletown,5,1,7592.15,1186.84
61489500fc13ae6e0e0195cf,Odessa Mosdill,2,4,5925.47,6642.73
61489500fc13ae6e0e0195d0,Obidiah Cawtheray,6,5,3309.74,6551.62
61489500fc13ae6e0e0195d1,Kristine Giacobilio,6,3,1079.11,1475.87
61489500fc13ae6e0e0195d2,Thorsten Druce,3,5,3224.77,4019.1
61489500fc13ae6e0e0195d3,Rosette Pleass,3,1,8322.28,7289.57
61489500fc13ae6e0e0195d4,Gerhard Stronghill,0,5,4733.41,1127.54
61489500fc13ae6e0e0195d5,August Lithcow,6,5,9325.44,4206.24
61489500fc13ae6e0e0195d6,Drew Anand,4,1,9784.44,6148.32
61489500fc13ae6e0e0195d7,Muffin Iacovacci,0,3,5439.87,8394.16
61489500fc13ae6e0e0195d8,Gertrud Sinnett,0,5,6091.16,5803.45
61489500fc13ae6e0e0195d9,Massimiliano Giacoppo,1,1,6475.59,2930.46
61489500fc13ae6e0e0195da,Roanna Brosoli,6,3,1856.46,4359.52
61489500fc13ae6e0e0195db,Murdoch Bamsey,0,3,9526.35,9261.0
61489500fc13ae6e0e0195dc,Johan Northcote,6,3,1633.12,1827.07
61489500fc13ae6e0e0195dd,Alanah Lyosik,4,2,2178.23,9995.61
61489500fc13ae6e0e0195de,Sarita Ends,2,4,8920.54,1117.3
61489500fc13ae6e0e0195df,Britteny Porkiss,5,3,2431.17,6626.95
61489500fc13ae6e0e0195e0,Prisca Plinck,5,5,5179.95,6291.55
61489500fc13ae6e0e0195e1,Spence Sitch,2,5,5663.46,6938.66
61489500fc13ae6e0e0195e2,Iolanthe Jecks,1,2,6066.95,1678.39
61489500fc13ae6e0e0195e3,Malory McClean,5,4,7827.71,2114.25
61489500fc13ae6e0e0195e4,Lorry Dun,3,3,9590.96,3005.93
61489500fc13ae6e0e0195e5,Schuyler Kasperski,0,1,3725.08,5418.25
61489500fc13ae6e0e0195e6,Patti Gorelli,1,2,4661.43,7173.61
61489500fc13ae6e0e0195e7,Miof mela Besset,6,1,9402.56,5744.78
61489500fc13ae6e0e0195e8,Emmerich Chalcroft,1,2,5186.24,2763.09
61489500fc13ae6e0e0195e9,Annmaria Nare,3,1,9001.86,6782.32
61489500fc13ae6e0e0195ea,Penni Pods,0,3,1649.59,8126.79
61489500fc13ae6e0e0195eb,Dodi Gaines,2,5,5458.07,9389.36
61489500fc13ae6e0e0195ec,Rosie Pauncefoot,1,5,4129.52,9727.96
61489500fc13ae6e0e0195ed,Claus Gate,0,2,4110.16,6137.97
61489500fc13ae6e0e0195ee,Kellie Copcutt,6,2,3690.42,2418.04
61489500fc13ae6e0e0195ef,Fidelio Nazareth,4,3,1080.3,4657.42
61489500fc13ae6e0e0195f0,Georg Keaveney,1,1,7851.61,4656.3
61489500fc13ae6e0e0195f1,Clarey Triggel,6,3,4696.82,3679.46
61489500fc13ae6e0e0195f2,Nikita Donhardt,2,3,7843.28,8815.63
61489500fc13ae6e0e0195f3,Bobby Summerlad,3,1,7688.65,8202.99
61489500fc13ae6e0e0195f4,Maxwell Hancill,1,1,2915.68,9913.78
61489500fc13ae6e0e0195f5,Allan Wrathall,0,5,6226.54,9488.62
61489500fc13ae6e0e0195f6,Ethelin Ingleby,4,1,2129.87,5981.72
61489500fc13ae6e0e0195f7,Duke Nunes Nabarro,5,1,8210.25,6012.28
61489500fc13ae6e0e0195f8,Juli Purshouse,4,1,9552.91,7007.25
61489500fc13ae6e0e0195f9,Tobe Carmen,3,5,4923.22,6859.52
61489500fc13ae6e0e0195fa,Genevieve Jerrems,3,3,3129.18,8049.43
61489500fc13ae6e0e0195fb,Catharina Rawlinson,2,4,3831.45,2441.91
61489500fc13ae6e0e0195fc,Gwenore Karpeev,6,2,2113.31,1993.19
61489500fc13ae6e0e0195fd,Buiron Denley,6,1,7295.67,8524.16
61489500fc13ae6e0e0195fe,Milt MacCumeskey,0,2,6071.74,3447.53
61489500fc13ae6e0e0195ff,Gwenny Beavors,3,1,5576.11,9983.51
61489500fc13ae6e0e019600,Leonerd Liddiatt,3,1,9705.89,8356.96
61489501fc13ae6e0e019601,Gunter Jaegar,5,2,8920.93,4675.74
61489501fc13ae6e0e019602,Cleo Blackledge,3,4,1700.27,9260.68
61489501fc13ae6e0e019603,Der Von Brook,2,5,2627.24,3478.88
61489501fc13ae6e0e019604,Austina Rubinovitch,3,5,2961.62,2580.68
61489501fc13ae6e0e019605,Elladine Dran,2,4,3888.16,6813.13
61489501fc13ae6e0e019606,Cobbie Venables,6,1,2197.38,9384.08
61489501fc13ae6e0e019607,Wyatan Rate,3,3,4457.02,7459.72
61489501fc13ae6e0e019608,Valentijn Dudney,4,1,5351.88,6250.89
61489501fc13ae6e0e019609,Pate Skeech,1,4,8285.08,8654.92
61489501fc13ae6e0e01960a,Ravi Waulker,3,2,2836.46,2748.11
61489501fc13ae6e0e01960b,Marney Coltherd,1,4,1290.18,9876.47
61489501fc13ae6e0e01960c,Reinald Derisley,3,3,7792.6,9111.1
61489501fc13ae6e0e01960d,Jules Eagers,5,2,7519.19,8841.74
61489501fc13ae6e0e01960e,Welsh Overpool,3,3,7538.39,5601.04
61489501fc13ae6e0e01960f,Kailey Daelman,3,5,6349.35,9443.3
61489501fc13ae6e0e019610,Maximilian Ludron,1,1,8811.7,5507.83
61489501fc13ae6e0e019611,Sylvia Chaffen,2,4,3393.37,9644.83
61489501fc13ae6e0e019612,Di Smallbone,2,2,4980.65,3002.39
61489501fc13ae6e0e019613,Wendy Eiler,2,4,8523.27,2348.58
61489501fc13ae6e0e019614,Alexandros Grigori,6,4,9924.63,9044.33
61489501fc13ae6e0e019615,Wolfgang Mazzei,1,4,3674.77,4444.25
61489501fc13ae6e0e019616,Lenard Markushkin,5,2,2761.78,7369.02
61489501fc13ae6e0e019617,Jolyn Colmore,3,3,3477.54,2374.43
61489501fc13ae6e0e019618,Wilbert Stiegar,2,4,8082.32,7987.3
61489501fc13ae6e0e019619,Melodee Elverstone,5,5,7772.71,1051.9
61489501fc13ae6e0e01961a,Bret Beames,3,2,1676.44,7240.19
61489501fc13ae6e0e01961b,Melli Rosenvasser,5,4,3043.97,6390.82
61489501fc13ae6e0e01961c,Aliza Sked,2,5,7487.69,4292.82
61489501fc13ae6e0e01961d,Brynna Yourell,0,1,1922.02,8816.08
61489501fc13ae6e0e01961e,Carlin Mochan,0,5,5166.25,5789.74
61489501fc13ae6e0e01961f,Lin Ribchester,6,1,5145.48,2947.29
61489501fc13ae6e0e019620,Saundra Caldera,2,4,5058.64,4305.71
61489501fc13ae6e0e019621,Valentijn Birtle,3,3,9901.59,9237.21
61489501fc13ae6e0e019622,Toni Bywater,2,1,5298.92,5014.18
61489501fc13ae6e0e019623,Sheree Phette,0,3,4661.02,3720.84
61489501fc13ae6e0e019624,Lilyan Coote,1,4,7930.07,5451.88
61489501fc13ae6e0e019625,Crista Vannikov,5,3,7968.37,4003.05
61489501fc13ae6e0e019626,Rozelle Coytes,5,4,6803.51,9740.95
61489501fc13ae6e0e019627,Ervin Tubritt,5,5,9491.79,9771.53
61489501fc13ae6e0e019628,Kore McIleen,5,4,2138.31,6637.5
61489501fc13ae6e0e019629,Darrelle Purvess,4,5,4875.53,3851.94
61489501fc13ae6e0e01962a,Yetty Igo,5,3,6051.46,7797.63
61489501fc13ae6e0e01962b,Conney Rawlinson,1,4,2551.62,7769.61
61489501fc13ae6e0e01962c,Sharona Burnett,5,1,4102.13,4520.0
61489501fc13ae6e0e01962d,Jillana Howison,2,3,1213.6,7970.81
61489501fc13ae6e0e01962e,Thane Rasp,1,3,1759.48,6911.2
61489501fc13ae6e0e01962f,Adina Huebner,3,1,2261.58,1162.98
61489501fc13ae6e0e019630,Ker Oxby,1,1,2106.0,6488.74
61489501fc13ae6e0e019631,Emelen Lomansey,5,1,8045.77,9881.43
61489501fc13ae6e0e019632,Zach Besset,5,4,7471.95,9329.5
61489501fc13ae6e0e019633,Leeland Ambrosio,3,1,5663.48,2778.06
61489501fc13ae6e0e019634,Ann Lawles,6,3,9156.39,9816.56
61489501fc13ae6e0e019635,Bing Spanton,3,2,6677.1,2198.49
61489501fc13ae6e0e019636,Rufe Eggleson,0,1,5027.88,7926.66
61489501fc13ae6e0e019637,Dusty Weekley,6,3,3151.96,3017.9
61489501fc13ae6e0e019638,Niven Hartell,1,5,3392.85,1463.36
61489501fc13ae6e0e019639,Hymie Burgum,6,4,5352.18,6931.48
61489501fc13ae6e0e01963a,Deana Sindall,2,2,3535.48,4519.72
61489501fc13ae6e0e01963b,Ronda Harbar,4,1,7588.73,8556.97
61489501fc13ae6e0e01963c,Dugald Chimenti,2,3,5753.68,8264.81
61489501fc13ae6e0e01963d,Devlen Abrams,4,3,3165.01,5849.77
61489501fc13ae6e0e01963e,Keelia Hellen,6,2,1086.53,5161.7
61489501fc13ae6e0e01963f,Roscoe Giovani,5,5,6543.74,8725.05
61489501fc13ae6e0e019640,Alleen Jerisch,5,4,4591.38,4482.23
61489501fc13ae6e0e019641,Faith Tindley,5,4,1440.27,2023.66
61489501fc13ae6e0e019642,Hazel Merit,3,3,2560.21,1186.59
61489501fc13ae6e0e019643,Shae Sertin,2,2,4962.46,4974.97
61489501fc13ae6e0e019644,Monro Pasterfield,0,3,6103.33,6111.01
61489501fc13ae6e0e019645,Mike Staddom,5,3,5266.05,3622.64
61489501fc13ae6e0e019646,Lib Nalder,0,1,8199.88,5728.41
61489501fc13ae6e0e019647,Tucky Emmott,6,5,5016.04,1408.36
61489501fc13ae6e0e019648,Dickie Westcar,1,2,4032.79,6898.61
61489501fc13ae6e0e019649,Lovell Esparza,4,3,8192.99,7609.8
61489501fc13ae6e0e01964a,Bernadene Stell,5,1,4069.63,7784.33
61489501fc13ae6e0e01964b,Fidole Jamrowicz,1,1,7616.03,2959.69
61489501fc13ae6e0e01964c,Cristin Beeswing,0,5,3745.84,7814.31
61489501fc13ae6e0e01964d,Arlana Buffin,4,1,6843.97,7239.16
61489501fc13ae6e0e01964e,Cayla Greenslade,4,4,6752.16,8788.58
61489501fc13ae6e0e01964f,Colet Serrier,2,2,9273.99,4442.28
61489501fc13ae6e0e019650,Courtney Gimbrett,2,3,7316.32,9681.24
61489501fc13ae6e0e019651,Moreen Danson,4,5,9714.46,1705.77
61489501fc13ae6e0e019652,Cher Vala,4,2,3254.06,7128.6
61489501fc13ae6e0e019653,Jodie Heatherington,0,5,7046.41,5100.79
61489501fc13ae6e0e019654,Mikkel Swaton,2,3,9742.29,7862.08
61489501fc13ae6e0e019655,Edyth Corsan,1,2,9993.09,1639.94
61489501fc13ae6e0e019656,Daveen Eseler,2,5,1849.08,7713.08
61489501fc13ae6e0e019657,Lisetta Wilgar,4,3,1763.73,2512.05
61489501fc13ae6e0e019658,Leroy Couvet,4,2,6636.11,8773.5
61489501fc13ae6e0e019659,Andie O'Hern,5,4,5970.45,5488.48
61489501fc13ae6e0e01965a,Giffy Fernant,6,2,4090.32,5071.24
61489501fc13ae6e0e01965b,Lotty Hutable,3,4,8837.34,6789.31
61489501fc13ae6e0e01965c,Harley Northing,2,2,3060.84,2224.55
61489501fc13ae6e0e01965d,Kaitlyn Arnfield,5,3,7835.83,6095.04
61489501fc13ae6e0e01965e,Enoch Farney,3,2,2627.25,7143.58
61489501fc13ae6e0e01965f,Rockie Connechy,4,2,1557.28,9226.4
61489501fc13ae6e0e019660,Sybilla Beagley,1,2,8822.35,4560.43
61489501fc13ae6e0e019661,Gasper Hambidge,4,3,8960.36,2900.38
61489501fc13ae6e0e019662,Alidia Aitken,1,1,8047.32,8853.71
61489501fc13ae6e0e019663,Annelise Bezemer,3,1,3788.55,9371.4
61489501fc13ae6e0e019664,Karleen Anthonsen,3,2,2737.06,9989.56
61489501fc13ae6e0e019665,Donelle Ivannikov,2,3,7860.22,2240.46
61489501fc13ae6e0e019666,Jeno Ilyinski,1,3,6684.07,5024.09
61489501fc13ae6e0e019667,Guillema Messenbird,5,2,3972.83,7113.91
61489501fc13ae6e0e019668,Auroora Duthie,2,4,4582.61,8217.06
61489501fc13ae6e0e019669,Idalia Klimkin,5,4,1058.82,4048.61
61489501fc13ae6e0e01966a,Terri-jo Quan,0,2,1975.81,1524.63
61489501fc13ae6e0e01966b,Oralie Egdal,2,4,7390.6,6430.44
61489501fc13ae6e0e01966c,Rici Motion,1,5,6023.19,6700.89
61489501fc13ae6e0e01966d,Edouard Warrick,3,3,4168.16,8330.58
61489501fc13ae6e0e01966e,Abbie Giraudo,4,5,6749.31,4402.15
61489501fc13ae6e0e01966f,Basilius Candlin,5,2,2981.14,7866.74
61489501fc13ae6e0e019670,Issi Look,2,1,9607.26,1655.6
61489501fc13ae6e0e019671,Ray Sainsbury,0,5,9462.47,4111.56
61489501fc13ae6e0e019672,Shela Giurio,3,3,6013.55,2362.42
61489501fc13ae6e0e019673,Hyacintha Kees,2,4,3868.61,8514.09
61489501fc13ae6e0e019674,Gray McLugaish,5,3,3930.18,9272.32
61489501fc13ae6e0e019675,Karon Nana,6,5,8162.6,3040.95
61489501fc13ae6e0e019676,Norbert Millyard,5,2,5233.1,8768.08
61489501fc13ae6e0e019677,Prudy Joannet,3,4,9225.96,3608.51
61489501fc13ae6e0e019678,Loutitia Nyssen,3,1,1396.15,9715.5
61489501fc13ae6e0e019679,Sheba Leighton,4,4,2696.0,5859.99
61489501fc13ae6e0e01967a,Adoree Yokelman,1,4,5217.2,3805.28
61489501fc13ae6e0e01967b,Clair Kinnane,1,2,8600.53,2412.82
61489501fc13ae6e0e01967c,Randal Wavell,1,4,3219.15,8384.42
61489501fc13ae6e0e01967d,Galen Towey,4,4,3738.36,5748.7
61489501fc13ae6e0e01967e,Morna Errigo,0,4,7611.9,5264.94
61489501fc13ae6e0e01967f,Laurence Pietersen,4,5,9415.76,7521.61
61489501fc13ae6e0e019680,Nicol Bronger,0,4,4621.18,6797.33
61489501fc13ae6e0e019681,Terrell Eschalotte,4,3,3949.31,9510.56
61489501fc13ae6e0e019682,Goldi Whatmough,5,2,8473.62,7948.97
61489501fc13ae6e0e019683,Gusella Impett,4,4,8880.54,2292.59
61489501fc13ae6e0e019684,Vally Chicotti,3,5,2527.93,8492.08
61489501fc13ae6e0e019685,Malchy Garrish,4,4,7730.97,7199.84
61489501fc13ae6e0e019686,Arabelle Poxson,5,1,1239.59,9403.44
61489501fc13ae6e0e019687,Any Ege,0,1,7449.21,6644.18
61489501fc13ae6e0e019688,Imojean Baumadier,6,1,9198.23,3406.93
61489501fc13ae6e0e019689,Elmore Fildes,6,3,1159.52,1398.68
61489501fc13ae6e0e01968a,Isa Poate,1,1,2275.67,2226.3
61489501fc13ae6e0e01968b,Goldarina Zini,6,3,8688.24,8775.99
61489501fc13ae6e0e01968c,Marnia Tumbridge,3,5,4671.34,9827.4
61489501fc13ae6e0e01968d,Brenn Dursley,3,5,6614.67,3816.31
61489501fc13ae6e0e01968e,Ive Furneaux,5,2,6115.57,8787.25
61489501fc13ae6e0e01968f,Winfield Sculpher,0,2,3106.21,7381.14
61489501fc13ae6e0e019690,Kendrick Aleevy,5,3,1219.33,7993.47
61489501fc13ae6e0e019691,Xylia Mcwhinney,6,3,3490.25,8638.5
61489501fc13ae6e0e019692,Alanah Honig,1,3,5699.49,3432.19
61489501fc13ae6e0e019693,Mahalia Pimmocke,5,3,4527.56,6184.82
61489501fc13ae6e0e019694,Willi O'Lunney,0,2,7187.73,9237.68
61489501fc13ae6e0e019695,Bernarr Yeandel,5,5,7444.34,6960.58
61489501fc13ae6e0e019696,Gordy Sultan,0,4,7863.31,5475.23
61489501fc13ae6e0e019697,Moselle Glasson,3,5,9159.03,8587.83
61489501fc13ae6e0e019698,Dede Seymer,6,3,7982.15,3986.92
61489501fc13ae6e0e019699,Gussi Guille,6,2,6702.0,4333.64
61489501fc13ae6e0e01969a,Lynnette Schubuser,2,2,2786.67,8207.82
61489501fc13ae6e0e01969b,Tiphanie Guilfoyle,3,3,4194.15,7472.41
61489501fc13ae6e0e01969c,Mandy Hadenton,3,1,3265.51,3150.52
61489501fc13ae6e0e01969d,Teodor Shireff,2,5,9286.08,3058.38
61489501fc13ae6e0e01969e,Curcio Fossey,3,4,1032.56,7290.45
61489501fc13ae6e0e01969f,Maxie Bore,5,3,4590.02,2004.78
61489501fc13ae6e0e0196a0,Baily Lilliman,0,1,8717.79,3829.87
61489501fc13ae6e0e0196a1,Rickie Self,6,3,5337.4,1868.39
61489501fc13ae6e0e0196a2,Cecilio McTurlough,6,1,2447.24,7517.54
61489501fc13ae6e0e0196a3,Richmond Boustead,2,4,9123.07,1053.34
61489501fc13ae6e0e0196a4,Lezley Billing,3,3,9813.05,9232.83
61489501fc13ae6e0e0196a5,Wilbur Waiting,4,5,9227.02,5533.89
61489501fc13ae6e0e0196a6,Lydie Lebbern,6,1,5508.4,1998.85
61489501fc13ae6e0e0196a7,Donavon Buchan,0,1,4881.71,5974.35
61489501fc13ae6e0e0196a8,Lizbeth Scardefield,2,4,5234.28,2229.69
61489501fc13ae6e0e0196a9,Amalee Leicester,5,2,8172.02,1410.86
61489501fc13ae6e0e0196aa,Taite Keattch,4,5,2163.34,6434.74
61489501fc13ae6e0e0196ab,Arline Tapson,4,1,6479.19,1084.16
61489501fc13ae6e0e0196ac,Gearalt Burniston,1,3,4106.37,9341.41
61489501fc13ae6e0e0196ad,Aile Witnall,4,2,9082.25,9935.73
61489501fc13ae6e0e0196ae,Reeba Friend,0,4,3200.71,1959.87
61489501fc13ae6e0e0196af,Glenna Cubbini,3,5,7368.71,3919.76
61489501fc13ae6e0e0196b0,Gannie Brickham,1,2,7469.75,1440.99
61489501fc13ae6e0e0196b1,Sawyere Habron,1,2,5276.95,9616.21
61489501fc13ae6e0e0196b2,Terrell Welldrake,4,4,8897.42,5380.18
61489501fc13ae6e0e0196b3,Ruthi Merle,3,2,7025.7,4819.33
61489501fc13ae6e0e0196b4,Pate Wenderott,2,2,2878.63,2881.16
61489501fc13ae6e0e0196b5,Britni Lipscombe,2,5,4702.23,1896.21
61489501fc13ae6e0e0196b6,Tiebold Dennant,3,4,3211.63,5948.72
61489501fc13ae6e0e0196b7,Petunia Kinworthy,4,4,6004.54,3458.52
61489501fc13ae6e0e0196b8,Coralie MacIlriach,1,4,1972.37,2682.29
61489501fc13ae6e0e0196b9,Flory Cheasman,4,3,4402.35,1470.23
61489501fc13ae6e0e0196ba,Arabel Saice,3,5,3047.62,8830.49
61489501fc13ae6e0e0196bb,Rosana Swarbrigg,3,5,6675.59,6548.58
61489501fc13ae6e0e0196bc,Amalie McBryde,4,2,4678.26,7188.16
61489501fc13ae6e0e0196bd,Catlee De Blasio,3,1,6014.8,9824.2
61489501fc13ae6e0e0196be,Vanessa Hollyar,3,5,9898.83,6446.41
61489501fc13ae6e0e0196bf,Petunia Gazzard,5,4,5594.87,1607.7
61489501fc13ae6e0e0196c0,Edward Brittain,4,1,6200.53,7783.24
61489501fc13ae6e0e0196c1,Willamina Romanini,1,4,2075.35,2995.2
61489501fc13ae6e0e0196c2,Maressa Pott,2,2,1127.71,1861.04
61489501fc13ae6e0e0196c3,Ottilie Heamus,5,5,7645.82,4376.1
61489501fc13ae6e0e0196c4,Mora Colrein,0,5,2940.02,7010.32
61489501fc13ae6e0e0196c5,Wyn Faustian,6,2,6887.15,4049.23
61489501fc13ae6e0e0196c6,Link Possel,4,3,9816.63,2243.74
61489501fc13ae6e0e0196c7,Dora Gannon,0,5,5628.19,2349.48
61489501fc13ae6e0e0196c8,Tyrone Gambrell,3,3,5550.99,5591.74
61489501fc13ae6e0e0196c9,Bernita Evanson,6,4,5558.19,1730.12
61489501fc13ae6e0e0196ca,Enrica Skein,4,4,5192.17,8356.75
61489501fc13ae6e0e0196cb,Rabbi Kenington,0,4,7843.35,5338.96
61489501fc13ae6e0e0196cc,Shirline Deyes,6,3,7711.43,4607.5
61489501fc13ae6e0e0196cd,Rosco Purves,6,4,5527.3,8961.39
61489501fc13ae6e0e0196ce,Enrica Arthan,3,1,9330.79,6152.0
61489501fc13ae6e0e0196cf,Jacklin Woolpert,1,5,7888.65,5226.41
61489501fc13ae6e0e0196d0,Melosa Keel,1,5,6790.55,6406.15
61489501fc13ae6e0e0196d1,Matteo Carthew,2,4,4662.7,2156.91
61489501fc13ae6e0e0196d2,Chadd Tattersall,2,1,4779.73,1115.43
61489501fc13ae6e0e0196d3,Isidor Robke,1,3,3180.39,8912.54
61489501fc13ae6e0e0196d4,Rourke Damerell,4,3,3832.46,3457.45
61489501fc13ae6e0e0196d5,Hermina Duplock,5,4,3105.72,2212.03
61489501fc13ae6e0e0196d6,Saunder Dewey,2,4,8359.48,5443.32
61489501fc13ae6e0e0196d7,Dani Gemmill,2,2,7227.74,9451.64
61489501fc13ae6e0e0196d8,Bradney Negri,2,1,9683.43,7213.94
61489501fc13ae6e0e0196d9,Bendick Kurth,5,3,9684.5,1373.65
61489501fc13ae6e0e0196da,Charmion Jorn,6,5,1187.29,5588.43
61489501fc13ae6e0e0196db,Emerson Bergen,1,1,7825.74,2187.92
61489501fc13ae6e0e0196dc,Hayward Gairdner,3,2,7858.75,2149.52
61489501fc13ae6e0e0196dd,Deck Cammomile,2,1,9032.31,9630.07
61489501fc13ae6e0e0196de,Vasili Lewens,5,2,3624.16,8881.48
61489501fc13ae6e0e0196df,Madalyn Gilmartin,4,1,7470.19,8169.18
61489501fc13ae6e0e0196e0,Hubert Tuffell,1,4,5106.37,1783.99
61489501fc13ae6e0e0196e1,Jacky Gurnay,4,4,5895.28,6673.33
61489501fc13ae6e0e0196e2,Errol Turnbull,4,3,5580.68,1451.03
61489501fc13ae6e0e0196e3,Leeann Mustin,5,3,4143.45,3204.35
61489501fc13ae6e0e0196e4,Carol Brockley,5,3,2131.15,3210.68
61489501fc13ae6e0e0196e5,Abel Romanet,3,1,5504.53,1266.45
61489501fc13ae6e0e0196e6,Karlik Becks,2,3,8029.01,4212.68
61489501fc13ae6e0e0196e7,Jacky Donald,5,3,8893.92,3553.41
61489501fc13ae6e0e0196e8,Shurwood Cammell,5,5,4101.69,1783.96
61489501fc13ae6e0e0196e9,Lucius Wildish,3,1,3160.84,9262.51
61489501fc13ae6e0e0196ea,Desmund Chaster,2,3,2990.04,2201.03
61489501fc13ae6e0e0196eb,Maddy Proudlove,5,1,8732.93,4388.78
61489501fc13ae6e0e0196ec,Gerhardt Neaverson,2,5,9172.96,8420.8
61489501fc13ae6e0e0196ed,Herold McCarrison,1,2,8332.57,1458.76
61489501fc13ae6e0e0196ee,Conni Meynell,1,5,4875.27,8331.17
61489501fc13ae6e0e0196ef,Tull Thomlinson,6,5,3914.74,7797.71
61489501fc13ae6e0e0196f0,Alika Tregido,0,3,9775.11,1789.23
61489501fc13ae6e0e0196f1,Astrix Todeo,1,3,2339.58,6481.26
61489501fc13ae6e0e0196f2,Cheri Shimwell,1,5,7778.31,5966.56
61489501fc13ae6e0e0196f3,Berkly Romanetti,6,5,6424.15,6420.61
61489501fc13ae6e0e0196f4,Gray McCutheon,0,3,7038.64,3600.62
61489501fc13ae6e0e0196f5,Millisent Astles,3,1,9764.55,5617.93
61489501fc13ae6e0e0196f6,Jed Ping,4,4,8499.25,8062.26
61489501fc13ae6e0e0196f7,Adrea Sherebrooke,5,4,7349.4,8687.22
61489501fc13ae6e0e0196f8,Jeanine Potticary,2,1,7205.09,2431.59
61489501fc13ae6e0e0196f9,Carin Simeonov,2,3,5058.97,9472.12
61489501fc13ae6e0e0196fa,Walton Nancekivell,5,4,7864.29,6157.91
61489501fc13ae6e0e0196fb,Nikki Mulcock,1,3,9592.08,9995.67
61489501fc13ae6e0e0196fc,Karlik Greenley,0,3,4316.39,6294.31
61489501fc13ae6e0e0196fd,Rozina Daybell,2,4,5008.16,3283.55
61489501fc13ae6e0e0196fe,Clint Canter,1,2,3852.43,8945.65
61489501fc13ae6e0e0196ff,Zola Saltsberg,6,3,1252.94,8408.64
61489501fc13ae6e0e019700,Husain Danis,1,4,9193.49,9222.63
61489501fc13ae6e0e019701,Ella Mathen,5,2,4836.55,3455.9
61489501fc13ae6e0e019702,Hubie Bayns,5,1,3534.32,4140.97
61489501fc13ae6e0e019703,Goran Minci,5,1,4535.27,4354.06
61489501fc13ae6e0e019704,Maximilian Coke,1,5,2859.45,6399.55
61489501fc13ae6e0e019705,Bird Friar,2,3,3196.78,5301.97
61489501fc13ae6e0e019706,Corabel Trotter,1,5,6714.53,7501.29
